Head,Name,Manufacturer,Model,Mode,Universe,Address,X Pos(MagicQ),Y Pos(MagicQ),Z Pos(MagicQ),X Rot(MagicQ),Y Rot(MagicQ),Z Rot(MagicQ),X Pos(Unity),Y Pos(Unity),Z Pos(Unity),X Rot(Unity),Y Rot(Unity),Z Rot(Unity)
1,ParLight,Generic Dimmer,Generic Dimmer,1ch,0,0,0.01m,8.74m,1.34m,-90°,180°,0°,0.01,8.743,-1.344,0,0,0
2,ParLight_ver12_WithLight,Generic Dimmer,Generic Dimmer,1ch,0,1,-6.9m,8.74m,1.34m,-179.98°,90°,0°,-6.895,8.743,-1.344,270.02,270,0
54,ParLight_ver12_WithLight_1,Generic Dimmer,Generic Dimmer,1ch,0,1,-5.44m,8.74m,1.34m,-179.98°,90°,0°,-5.436,8.743,-1.344,270.02,270,0
106,ParLight_ver12_WithLight_2,Generic Dimmer,Generic Dimmer,1ch,0,1,-3.8m,8.74m,1.34m,-179.98°,90°,0°,-3.799,8.743,-1.344,270.02,270,0
158,ParLight_ver12_WithLight_3,Generic Dimmer,Generic Dimmer,1ch,0,1,-2.36m,8.74m,1.34m,-179.98°,90°,0°,-2.355,8.743,-1.344,270.02,270,0
210,ParLight_ver12_WithLight_4,Generic Dimmer,Generic Dimmer,1ch,0,1,-0.75m,8.74m,1.34m,-179.98°,90°,0°,-0.747,8.743,-1.344,270.02,270,0
262,ParLight_ver12_WithLight_5,Generic Dimmer,Generic Dimmer,1ch,0,1,0.75m,8.74m,1.34m,-179.98°,90°,0°,0.75,8.743,-1.344,270.02,270,0
314,ParLight_ver12_WithLight_6,Generic Dimmer,Generic Dimmer,1ch,0,1,2.34m,8.74m,1.34m,-179.98°,90°,0°,2.34,8.743,-1.344,270.02,270,0
366,ParLight_ver12_WithLight_7,Generic Dimmer,Generic Dimmer,1ch,0,1,3.83m,8.74m,1.34m,-179.98°,90°,0°,3.831,8.743,-1.344,270.02,270,0
418,ParLight_ver12_WithLight_8,Generic Dimmer,Generic Dimmer,1ch,0,1,5.43m,8.74m,1.34m,-179.98°,90°,0°,5.43,8.743,-1.344,270.02,270,0
470,ParLight_ver12_WithLight_9,Generic Dimmer,Generic Dimmer,1ch,0,1,6.91m,8.74m,1.34m,-179.98°,90°,0°,6.91,8.743,-1.344,270.02,270,0
5,ParLight,Generic Dimmer,Generic Dimmer,1ch,0,0,-6.9m,8.74m,1.34m,-179.98°,90°,0°,-6.895,8.743,-1.344,270.02,270,0
6,ParLight,Generic Dimmer,Generic Dimmer,1ch,0,0,-6.9m,8.74m,1.34m,-179.98°,90°,0°,-6.895,8.743,-1.344,270.02,270,0
7,ParLight,Generic Dimmer,Generic Dimmer,1ch,0,0,-6.9m,8.74m,1.34m,-179.98°,90°,0°,-6.895,8.743,-1.344,270.02,270,0
8,ParLight,Generic Dimmer,Generic Dimmer,1ch,0,0,-6.9m,8.74m,1.34m,-179.98°,90°,0°,-6.895,8.743,-1.344,270.02,270,0
9,ParLight,Generic Dimmer,Generic Dimmer,1ch,0,0,-6.9m,8.74m,1.34m,-179.98°,90°,0°,-6.895,8.743,-1.344,270.02,270,0
10,ParLight,Generic Dimmer,Generic Dimmer,1ch,0,0,-6.9m,8.74m,1.34m,-179.98°,90°,0°,-6.895,8.743,-1.344,270.02,270,0
11,ParLight,Generic Dimmer,Generic Dimmer,1ch,0,0,-6.9m,8.74m,1.34m,-179.98°,90°,0°,-6.895,8.743,-1.344,270.02,270,0
12,ParLight,Generic Dimmer,Generic Dimmer,1ch,0,0,-6.9m,8.74m,1.34m,-179.98°,90°,0°,-6.895,8.743,-1.344,270.02,270,0
13,ParLight,Generic Dimmer,Generic Dimmer,1ch,0,0,-6.9m,8.74m,1.34m,-179.98°,90°,0°,-6.895,8.743,-1.344,270.02,270,0
65,ParLight,Generic Dimmer,Generic Dimmer,1ch,0,0,-5.44m,8.74m,1.34m,-179.98°,90°,0°,-5.436,8.743,-1.344,270.02,270,0
117,ParLight,Generic Dimmer,Generic Dimmer,1ch,0,0,-3.8m,8.74m,1.34m,-179.98°,90°,0°,-3.799,8.743,-1.344,270.02,270,0
169,ParLight,Generic Dimmer,Generic Dimmer,1ch,0,0,-2.36m,8.74m,1.34m,-179.98°,90°,0°,-2.355,8.743,-1.344,270.02,270,0
221,ParLight,Generic Dimmer,Generic Dimmer,1ch,0,0,-0.75m,8.74m,1.34m,-179.98°,90°,0°,-0.747,8.743,-1.344,270.02,270,0
273,ParLight,Generic Dimmer,Generic Dimmer,1ch,0,0,0.75m,8.74m,1.34m,-179.98°,90°,0°,0.75,8.743,-1.344,270.02,270,0
325,ParLight,Generic Dimmer,Generic Dimmer,1ch,0,0,2.34m,8.74m,1.34m,-179.98°,90°,0°,2.34,8.743,-1.344,270.02,270,0
377,ParLight,Generic Dimmer,Generic Dimmer,1ch,0,0,3.83m,8.74m,1.34m,-179.98°,90°,0°,3.831,8.743,-1.344,270.02,270,0
429,ParLight,Generic Dimmer,Generic Dimmer,1ch,0,0,5.43m,8.74m,1.34m,-179.98°,90°,0°,5.43,8.743,-1.344,270.02,270,0
481,ParLight,Generic Dimmer,Generic Dimmer,1ch,0,0,6.91m,8.74m,1.34m,-179.98°,90°,0°,6.91,8.743,-1.344,270.02,270,0
14,ParLight,Generic Dimmer,Generic Dimmer,1ch,0,0,-6.9m,8.74m,1.34m,-179.98°,90°,0°,-6.895,8.743,-1.344,270.02,270,0
66,ParLight,Generic Dimmer,Generic Dimmer,1ch,0,0,-5.44m,8.74m,1.34m,-179.98°,90°,0°,-5.436,8.743,-1.344,270.02,270,0
118,ParLight,Generic Dimmer,Generic Dimmer,1ch,0,0,-3.8m,8.74m,1.34m,-179.98°,90°,0°,-3.799,8.743,-1.344,270.02,270,0
170,ParLight,Generic Dimmer,Generic Dimmer,1ch,0,0,-2.36m,8.74m,1.34m,-179.98°,90°,0°,-2.355,8.743,-1.344,270.02,270,0
222,ParLight,Generic Dimmer,Generic Dimmer,1ch,0,0,-0.75m,8.74m,1.34m,-179.98°,90°,0°,-0.747,8.743,-1.344,270.02,270,0
274,ParLight,Generic Dimmer,Generic Dimmer,1ch,0,0,0.75m,8.74m,1.34m,-179.98°,90°,0°,0.75,8.743,-1.344,270.02,270,0
326,ParLight,Generic Dimmer,Generic Dimmer,1ch,0,0,2.34m,8.74m,1.34m,-179.98°,90°,0°,2.34,8.743,-1.344,270.02,270,0
378,ParLight,Generic Dimmer,Generic Dimmer,1ch,0,0,3.83m,8.74m,1.34m,-179.98°,90°,0°,3.831,8.743,-1.344,270.02,270,0
430,ParLight,Generic Dimmer,Generic Dimmer,1ch,0,0,5.43m,8.74m,1.34m,-179.98°,90°,0°,5.43,8.743,-1.344,270.02,270,0
482,ParLight,Generic Dimmer,Generic Dimmer,1ch,0,0,6.91m,8.74m,1.34m,-179.98°,90°,0°,6.91,8.743,-1.344,270.02,270,0
15,ParLight,Generic Dimmer,Generic Dimmer,1ch,0,0,-6.9m,8.74m,1.34m,-179.98°,90°,0°,-6.895,8.743,-1.344,270.02,270,0
67,ParLight,Generic Dimmer,Generic Dimmer,1ch,0,0,-5.44m,8.74m,1.34m,-179.98°,90°,0°,-5.436,8.743,-1.344,270.02,270,0
119,ParLight,Generic Dimmer,Generic Dimmer,1ch,0,0,-3.8m,8.74m,1.34m,-179.98°,90°,0°,-3.799,8.743,-1.344,270.02,270,0
171,ParLight,Generic Dimmer,Generic Dimmer,1ch,0,0,-2.36m,8.74m,1.34m,-179.98°,90°,0°,-2.355,8.743,-1.344,270.02,270,0
223,ParLight,Generic Dimmer,Generic Dimmer,1ch,0,0,-0.75m,8.74m,1.34m,-179.98°,90°,0°,-0.747,8.743,-1.344,270.02,270,0
275,ParLight,Generic Dimmer,Generic Dimmer,1ch,0,0,0.75m,8.74m,1.34m,-179.98°,90°,0°,0.75,8.743,-1.344,270.02,270,0
327,ParLight,Generic Dimmer,Generic Dimmer,1ch,0,0,2.34m,8.74m,1.34m,-179.98°,90°,0°,2.34,8.743,-1.344,270.02,270,0
379,ParLight,Generic Dimmer,Generic Dimmer,1ch,0,0,3.83m,8.74m,1.34m,-179.98°,90°,0°,3.831,8.743,-1.344,270.02,270,0
431,ParLight,Generic Dimmer,Generic Dimmer,1ch,0,0,5.43m,8.74m,1.34m,-179.98°,90°,0°,5.43,8.743,-1.344,270.02,270,0
483,ParLight,Generic Dimmer,Generic Dimmer,1ch,0,0,6.91m,8.74m,1.34m,-179.98°,90°,0°,6.91,8.743,-1.344,270.02,270,0
33,ParLight,Generic Dimmer,Generic Dimmer,1ch,0,0,-6.9m,8.74m,1.34m,-179.98°,90°,0°,-6.895,8.743,-1.344,270.02,270,0
85,ParLight,Generic Dimmer,Generic Dimmer,1ch,0,0,-5.44m,8.74m,1.34m,-179.98°,90°,0°,-5.436,8.743,-1.344,270.02,270,0
137,ParLight,Generic Dimmer,Generic Dimmer,1ch,0,0,-3.8m,8.74m,1.34m,-179.98°,90°,0°,-3.799,8.743,-1.344,270.02,270,0
189,ParLight,Generic Dimmer,Generic Dimmer,1ch,0,0,-2.36m,8.74m,1.34m,-179.98°,90°,0°,-2.355,8.743,-1.344,270.02,270,0
241,ParLight,Generic Dimmer,Generic Dimmer,1ch,0,0,-0.75m,8.74m,1.34m,-179.98°,90°,0°,-0.747,8.743,-1.344,270.02,270,0
293,ParLight,Generic Dimmer,Generic Dimmer,1ch,0,0,0.75m,8.74m,1.34m,-179.98°,90°,0°,0.75,8.743,-1.344,270.02,270,0
345,ParLight,Generic Dimmer,Generic Dimmer,1ch,0,0,2.34m,8.74m,1.34m,-179.98°,90°,0°,2.34,8.743,-1.344,270.02,270,0
397,ParLight,Generic Dimmer,Generic Dimmer,1ch,0,0,3.83m,8.74m,1.34m,-179.98°,90°,0°,3.831,8.743,-1.344,270.02,270,0
449,ParLight,Generic Dimmer,Generic Dimmer,1ch,0,0,5.43m,8.74m,1.34m,-179.98°,90°,0°,5.43,8.743,-1.344,270.02,270,0
501,ParLight,Generic Dimmer,Generic Dimmer,1ch,0,0,6.91m,8.74m,1.34m,-179.98°,90°,0°,6.91,8.743,-1.344,270.02,270,0
34,ParLight,Generic Dimmer,Generic Dimmer,1ch,0,0,-6.9m,8.74m,1.34m,-179.98°,90°,0°,-6.895,8.743,-1.344,270.02,270,0
86,ParLight,Generic Dimmer,Generic Dimmer,1ch,0,0,-5.44m,8.74m,1.34m,-179.98°,90°,0°,-5.436,8.743,-1.344,270.02,270,0
138,ParLight,Generic Dimmer,Generic Dimmer,1ch,0,0,-3.8m,8.74m,1.34m,-179.98°,90°,0°,-3.799,8.743,-1.344,270.02,270,0
190,ParLight,Generic Dimmer,Generic Dimmer,1ch,0,0,-2.36m,8.74m,1.34m,-179.98°,90°,0°,-2.355,8.743,-1.344,270.02,270,0
242,ParLight,Generic Dimmer,Generic Dimmer,1ch,0,0,-0.75m,8.74m,1.34m,-179.98°,90°,0°,-0.747,8.743,-1.344,270.02,270,0
294,ParLight,Generic Dimmer,Generic Dimmer,1ch,0,0,0.75m,8.74m,1.34m,-179.98°,90°,0°,0.75,8.743,-1.344,270.02,270,0
346,ParLight,Generic Dimmer,Generic Dimmer,1ch,0,0,2.34m,8.74m,1.34m,-179.98°,90°,0°,2.34,8.743,-1.344,270.02,270,0
398,ParLight,Generic Dimmer,Generic Dimmer,1ch,0,0,3.83m,8.74m,1.34m,-179.98°,90°,0°,3.831,8.743,-1.344,270.02,270,0
450,ParLight,Generic Dimmer,Generic Dimmer,1ch,0,0,5.43m,8.74m,1.34m,-179.98°,90°,0°,5.43,8.743,-1.344,270.02,270,0
502,ParLight,Generic Dimmer,Generic Dimmer,1ch,0,0,6.91m,8.74m,1.34m,-179.98°,90°,0°,6.91,8.743,-1.344,270.02,270,0
35,ParLight,Generic Dimmer,Generic Dimmer,1ch,0,0,-6.9m,8.74m,1.34m,-179.98°,90°,0°,-6.895,8.743,-1.344,270.02,270,0
87,ParLight,Generic Dimmer,Generic Dimmer,1ch,0,0,-5.44m,8.74m,1.34m,-179.98°,90°,0°,-5.436,8.743,-1.344,270.02,270,0
139,ParLight,Generic Dimmer,Generic Dimmer,1ch,0,0,-3.8m,8.74m,1.34m,-179.98°,90°,0°,-3.799,8.743,-1.344,270.02,270,0
191,ParLight,Generic Dimmer,Generic Dimmer,1ch,0,0,-2.36m,8.74m,1.34m,-179.98°,90°,0°,-2.355,8.743,-1.344,270.02,270,0
243,ParLight,Generic Dimmer,Generic Dimmer,1ch,0,0,-0.75m,8.74m,1.34m,-179.98°,90°,0°,-0.747,8.743,-1.344,270.02,270,0
295,ParLight,Generic Dimmer,Generic Dimmer,1ch,0,0,0.75m,8.74m,1.34m,-179.98°,90°,0°,0.75,8.743,-1.344,270.02,270,0
347,ParLight,Generic Dimmer,Generic Dimmer,1ch,0,0,2.34m,8.74m,1.34m,-179.98°,90°,0°,2.34,8.743,-1.344,270.02,270,0
399,ParLight,Generic Dimmer,Generic Dimmer,1ch,0,0,3.83m,8.74m,1.34m,-179.98°,90°,0°,3.831,8.743,-1.344,270.02,270,0
451,ParLight,Generic Dimmer,Generic Dimmer,1ch,0,0,5.43m,8.74m,1.34m,-179.98°,90°,0°,5.43,8.743,-1.344,270.02,270,0
503,ParLight,Generic Dimmer,Generic Dimmer,1ch,0,0,6.91m,8.74m,1.34m,-179.98°,90°,0°,6.91,8.743,-1.344,270.02,270,0
36,ParLight,Generic Dimmer,Generic Dimmer,1ch,0,0,-6.9m,8.74m,1.34m,-179.98°,90°,0°,-6.895,8.743,-1.344,270.02,270,0
88,ParLight,Generic Dimmer,Generic Dimmer,1ch,0,0,-5.44m,8.74m,1.34m,-179.98°,90°,0°,-5.436,8.743,-1.344,270.02,270,0
140,ParLight,Generic Dimmer,Generic Dimmer,1ch,0,0,-3.8m,8.74m,1.34m,-179.98°,90°,0°,-3.799,8.743,-1.344,270.02,270,0
192,ParLight,Generic Dimmer,Generic Dimmer,1ch,0,0,-2.36m,8.74m,1.34m,-179.98°,90°,0°,-2.355,8.743,-1.344,270.02,270,0
244,ParLight,Generic Dimmer,Generic Dimmer,1ch,0,0,-0.75m,8.74m,1.34m,-179.98°,90°,0°,-0.747,8.743,-1.344,270.02,270,0
296,ParLight,Generic Dimmer,Generic Dimmer,1ch,0,0,0.75m,8.74m,1.34m,-179.98°,90°,0°,0.75,8.743,-1.344,270.02,270,0
348,ParLight,Generic Dimmer,Generic Dimmer,1ch,0,0,2.34m,8.74m,1.34m,-179.98°,90°,0°,2.34,8.743,-1.344,270.02,270,0
400,ParLight,Generic Dimmer,Generic Dimmer,1ch,0,0,3.83m,8.74m,1.34m,-179.98°,90°,0°,3.831,8.743,-1.344,270.02,270,0
452,ParLight,Generic Dimmer,Generic Dimmer,1ch,0,0,5.43m,8.74m,1.34m,-179.98°,90°,0°,5.43,8.743,-1.344,270.02,270,0
504,ParLight,Generic Dimmer,Generic Dimmer,1ch,0,0,6.91m,8.74m,1.34m,-179.98°,90°,0°,6.91,8.743,-1.344,270.02,270,0
37,ParLight,Generic Dimmer,Generic Dimmer,1ch,0,0,-6.9m,8.74m,1.34m,-179.98°,90°,0°,-6.895,8.743,-1.344,270.02,270,0
89,ParLight,Generic Dimmer,Generic Dimmer,1ch,0,0,-5.44m,8.74m,1.34m,-179.98°,90°,0°,-5.436,8.743,-1.344,270.02,270,0
141,ParLight,Generic Dimmer,Generic Dimmer,1ch,0,0,-3.8m,8.74m,1.34m,-179.98°,90°,0°,-3.799,8.743,-1.344,270.02,270,0
193,ParLight,Generic Dimmer,Generic Dimmer,1ch,0,0,-2.36m,8.74m,1.34m,-179.98°,90°,0°,-2.355,8.743,-1.344,270.02,270,0
245,ParLight,Generic Dimmer,Generic Dimmer,1ch,0,0,-0.75m,8.74m,1.34m,-179.98°,90°,0°,-0.747,8.743,-1.344,270.02,270,0
297,ParLight,Generic Dimmer,Generic Dimmer,1ch,0,0,0.75m,8.74m,1.34m,-179.98°,90°,0°,0.75,8.743,-1.344,270.02,270,0
349,ParLight,Generic Dimmer,Generic Dimmer,1ch,0,0,2.34m,8.74m,1.34m,-179.98°,90°,0°,2.34,8.743,-1.344,270.02,270,0
401,ParLight,Generic Dimmer,Generic Dimmer,1ch,0,0,3.83m,8.74m,1.34m,-179.98°,90°,0°,3.831,8.743,-1.344,270.02,270,0
453,ParLight,Generic Dimmer,Generic Dimmer,1ch,0,0,5.43m,8.74m,1.34m,-179.98°,90°,0°,5.43,8.743,-1.344,270.02,270,0
505,ParLight,Generic Dimmer,Generic Dimmer,1ch,0,0,6.91m,8.74m,1.34m,-179.98°,90°,0°,6.91,8.743,-1.344,270.02,270,0
41,ParLight,Generic Dimmer,Generic Dimmer,1ch,0,0,-6.9m,8.74m,1.34m,-179.98°,90°,0°,-6.895,8.743,-1.344,270.02,270,0
93,ParLight,Generic Dimmer,Generic Dimmer,1ch,0,0,-5.44m,8.74m,1.34m,-179.98°,90°,0°,-5.436,8.743,-1.344,270.02,270,0
145,ParLight,Generic Dimmer,Generic Dimmer,1ch,0,0,-3.8m,8.74m,1.34m,-179.98°,90°,0°,-3.799,8.743,-1.344,270.02,270,0
197,ParLight,Generic Dimmer,Generic Dimmer,1ch,0,0,-2.36m,8.74m,1.34m,-179.98°,90°,0°,-2.355,8.743,-1.344,270.02,270,0
249,ParLight,Generic Dimmer,Generic Dimmer,1ch,0,0,-0.75m,8.74m,1.34m,-179.98°,90°,0°,-0.747,8.743,-1.344,270.02,270,0
301,ParLight,Generic Dimmer,Generic Dimmer,1ch,0,0,0.75m,8.74m,1.34m,-179.98°,90°,0°,0.75,8.743,-1.344,270.02,270,0
353,ParLight,Generic Dimmer,Generic Dimmer,1ch,0,0,2.34m,8.74m,1.34m,-179.98°,90°,0°,2.34,8.743,-1.344,270.02,270,0
405,ParLight,Generic Dimmer,Generic Dimmer,1ch,0,0,3.83m,8.74m,1.34m,-179.98°,90°,0°,3.831,8.743,-1.344,270.02,270,0
457,ParLight,Generic Dimmer,Generic Dimmer,1ch,0,0,5.43m,8.74m,1.34m,-179.98°,90°,0°,5.43,8.743,-1.344,270.02,270,0
509,ParLight,Generic Dimmer,Generic Dimmer,1ch,0,0,6.91m,8.74m,1.34m,-179.98°,90°,0°,6.91,8.743,-1.344,270.02,270,0
46,ParLight,Generic Dimmer,Generic Dimmer,1ch,0,0,-6.9m,8.74m,1.34m,-179.98°,90°,0°,-6.895,8.743,-1.344,270.02,270,0
98,ParLight,Generic Dimmer,Generic Dimmer,1ch,0,0,-5.44m,8.74m,1.34m,-179.98°,90°,0°,-5.436,8.743,-1.344,270.02,270,0
150,ParLight,Generic Dimmer,Generic Dimmer,1ch,0,0,-3.8m,8.74m,1.34m,-179.98°,90°,0°,-3.799,8.743,-1.344,270.02,270,0
202,ParLight,Generic Dimmer,Generic Dimmer,1ch,0,0,-2.36m,8.74m,1.34m,-179.98°,90°,0°,-2.355,8.743,-1.344,270.02,270,0
254,ParLight,Generic Dimmer,Generic Dimmer,1ch,0,0,-0.75m,8.74m,1.34m,-179.98°,90°,0°,-0.747,8.743,-1.344,270.02,270,0
306,ParLight,Generic Dimmer,Generic Dimmer,1ch,0,0,0.75m,8.74m,1.34m,-179.98°,90°,0°,0.75,8.743,-1.344,270.02,270,0
358,ParLight,Generic Dimmer,Generic Dimmer,1ch,0,0,2.34m,8.74m,1.34m,-179.98°,90°,0°,2.34,8.743,-1.344,270.02,270,0
410,ParLight,Generic Dimmer,Generic Dimmer,1ch,0,0,3.83m,8.74m,1.34m,-179.98°,90°,0°,3.831,8.743,-1.344,270.02,270,0
462,ParLight,Generic Dimmer,Generic Dimmer,1ch,0,0,5.43m,8.74m,1.34m,-179.98°,90°,0°,5.43,8.743,-1.344,270.02,270,0
514,ParLight,Generic Dimmer,Generic Dimmer,1ch,0,0,6.91m,8.74m,1.34m,-179.98°,90°,0°,6.91,8.743,-1.344,270.02,270,0
47,ParLight,Generic Dimmer,Generic Dimmer,1ch,0,0,-6.9m,8.74m,1.34m,-179.98°,90°,0°,-6.895,8.743,-1.344,270.02,270,0
99,ParLight,Generic Dimmer,Generic Dimmer,1ch,0,0,-5.44m,8.74m,1.34m,-179.98°,90°,0°,-5.436,8.743,-1.344,270.02,270,0
151,ParLight,Generic Dimmer,Generic Dimmer,1ch,0,0,-3.8m,8.74m,1.34m,-179.98°,90°,0°,-3.799,8.743,-1.344,270.02,270,0
203,ParLight,Generic Dimmer,Generic Dimmer,1ch,0,0,-2.36m,8.74m,1.34m,-179.98°,90°,0°,-2.355,8.743,-1.344,270.02,270,0
255,ParLight,Generic Dimmer,Generic Dimmer,1ch,0,0,-0.75m,8.74m,1.34m,-179.98°,90°,0°,-0.747,8.743,-1.344,270.02,270,0
307,ParLight,Generic Dimmer,Generic Dimmer,1ch,0,0,0.75m,8.74m,1.34m,-179.98°,90°,0°,0.75,8.743,-1.344,270.02,270,0
359,ParLight,Generic Dimmer,Generic Dimmer,1ch,0,0,2.34m,8.74m,1.34m,-179.98°,90°,0°,2.34,8.743,-1.344,270.02,270,0
411,ParLight,Generic Dimmer,Generic Dimmer,1ch,0,0,3.83m,8.74m,1.34m,-179.98°,90°,0°,3.831,8.743,-1.344,270.02,270,0
463,ParLight,Generic Dimmer,Generic Dimmer,1ch,0,0,5.43m,8.74m,1.34m,-179.98°,90°,0°,5.43,8.743,-1.344,270.02,270,0
515,ParLight,Generic Dimmer,Generic Dimmer,1ch,0,0,6.91m,8.74m,1.34m,-179.98°,90°,0°,6.91,8.743,-1.344,270.02,270,0
48,ParLight,Generic Dimmer,Generic Dimmer,1ch,0,0,-6.9m,8.74m,1.34m,-179.98°,90°,0°,-6.895,8.743,-1.344,270.02,270,0
100,ParLight,Generic Dimmer,Generic Dimmer,1ch,0,0,-5.44m,8.74m,1.34m,-179.98°,90°,0°,-5.436,8.743,-1.344,270.02,270,0
152,ParLight,Generic Dimmer,Generic Dimmer,1ch,0,0,-3.8m,8.74m,1.34m,-179.98°,90°,0°,-3.799,8.743,-1.344,270.02,270,0
204,ParLight,Generic Dimmer,Generic Dimmer,1ch,0,0,-2.36m,8.74m,1.34m,-179.98°,90°,0°,-2.355,8.743,-1.344,270.02,270,0
256,ParLight,Generic Dimmer,Generic Dimmer,1ch,0,0,-0.75m,8.74m,1.34m,-179.98°,90°,0°,-0.747,8.743,-1.344,270.02,270,0
308,ParLight,Generic Dimmer,Generic Dimmer,1ch,0,0,0.75m,8.74m,1.34m,-179.98°,90°,0°,0.75,8.743,-1.344,270.02,270,0
360,ParLight,Generic Dimmer,Generic Dimmer,1ch,0,0,2.34m,8.74m,1.34m,-179.98°,90°,0°,2.34,8.743,-1.344,270.02,270,0
412,ParLight,Generic Dimmer,Generic Dimmer,1ch,0,0,3.83m,8.74m,1.34m,-179.98°,90°,0°,3.831,8.743,-1.344,270.02,270,0
464,ParLight,Generic Dimmer,Generic Dimmer,1ch,0,0,5.43m,8.74m,1.34m,-179.98°,90°,0°,5.43,8.743,-1.344,270.02,270,0
516,ParLight,Generic Dimmer,Generic Dimmer,1ch,0,0,6.91m,8.74m,1.34m,-179.98°,90°,0°,6.91,8.743,-1.344,270.02,270,0
49,ParLight,Generic Dimmer,Generic Dimmer,1ch,0,0,-6.9m,8.74m,1.34m,-179.98°,90°,0°,-6.895,8.743,-1.344,270.02,270,0
101,ParLight,Generic Dimmer,Generic Dimmer,1ch,0,0,-5.44m,8.74m,1.34m,-179.98°,90°,0°,-5.436,8.743,-1.344,270.02,270,0
153,ParLight,Generic Dimmer,Generic Dimmer,1ch,0,0,-3.8m,8.74m,1.34m,-179.98°,90°,0°,-3.799,8.743,-1.344,270.02,270,0
205,ParLight,Generic Dimmer,Generic Dimmer,1ch,0,0,-2.36m,8.74m,1.34m,-179.98°,90°,0°,-2.355,8.743,-1.344,270.02,270,0
257,ParLight,Generic Dimmer,Generic Dimmer,1ch,0,0,-0.75m,8.74m,1.34m,-179.98°,90°,0°,-0.747,8.743,-1.344,270.02,270,0
309,ParLight,Generic Dimmer,Generic Dimmer,1ch,0,0,0.75m,8.74m,1.34m,-179.98°,90°,0°,0.75,8.743,-1.344,270.02,270,0
361,ParLight,Generic Dimmer,Generic Dimmer,1ch,0,0,2.34m,8.74m,1.34m,-179.98°,90°,0°,2.34,8.743,-1.344,270.02,270,0
413,ParLight,Generic Dimmer,Generic Dimmer,1ch,0,0,3.83m,8.74m,1.34m,-179.98°,90°,0°,3.831,8.743,-1.344,270.02,270,0
465,ParLight,Generic Dimmer,Generic Dimmer,1ch,0,0,5.43m,8.74m,1.34m,-179.98°,90°,0°,5.43,8.743,-1.344,270.02,270,0
517,ParLight,Generic Dimmer,Generic Dimmer,1ch,0,0,6.91m,8.74m,1.34m,-179.98°,90°,0°,6.91,8.743,-1.344,270.02,270,0
50,ParLight,Generic Dimmer,Generic Dimmer,1ch,0,0,-6.9m,8.74m,1.34m,-179.98°,90°,0°,-6.895,8.743,-1.344,270.02,270,0
102,ParLight,Generic Dimmer,Generic Dimmer,1ch,0,0,-5.44m,8.74m,1.34m,-179.98°,90°,0°,-5.436,8.743,-1.344,270.02,270,0
154,ParLight,Generic Dimmer,Generic Dimmer,1ch,0,0,-3.8m,8.74m,1.34m,-179.98°,90°,0°,-3.799,8.743,-1.344,270.02,270,0
206,ParLight,Generic Dimmer,Generic Dimmer,1ch,0,0,-2.36m,8.74m,1.34m,-179.98°,90°,0°,-2.355,8.743,-1.344,270.02,270,0
258,ParLight,Generic Dimmer,Generic Dimmer,1ch,0,0,-0.75m,8.74m,1.34m,-179.98°,90°,0°,-0.747,8.743,-1.344,270.02,270,0
310,ParLight,Generic Dimmer,Generic Dimmer,1ch,0,0,0.75m,8.74m,1.34m,-179.98°,90°,0°,0.75,8.743,-1.344,270.02,270,0
362,ParLight,Generic Dimmer,Generic Dimmer,1ch,0,0,2.34m,8.74m,1.34m,-179.98°,90°,0°,2.34,8.743,-1.344,270.02,270,0
414,ParLight,Generic Dimmer,Generic Dimmer,1ch,0,0,3.83m,8.74m,1.34m,-179.98°,90°,0°,3.831,8.743,-1.344,270.02,270,0
466,ParLight,Generic Dimmer,Generic Dimmer,1ch,0,0,5.43m,8.74m,1.34m,-179.98°,90°,0°,5.43,8.743,-1.344,270.02,270,0
518,ParLight,Generic Dimmer,Generic Dimmer,1ch,0,0,6.91m,8.74m,1.34m,-179.98°,90°,0°,6.91,8.743,-1.344,270.02,270,0
51,ParLight,Generic Dimmer,Generic Dimmer,1ch,0,0,-6.91m,8.77m,1.31m,-85.18°,-2.17°,-90.2°,-6.91,8.769,-1.312,4.82,177.83,269.8
103,ParLight,Generic Dimmer,Generic Dimmer,1ch,0,0,-5.45m,8.77m,1.31m,-85.18°,-2.17°,-90.2°,-5.451,8.769,-1.312,4.82,177.83,269.8
155,ParLight,Generic Dimmer,Generic Dimmer,1ch,0,0,-3.81m,8.77m,1.31m,-85.18°,-2.17°,-90.2°,-3.814,8.769,-1.312,4.82,177.83,269.8
207,ParLight,Generic Dimmer,Generic Dimmer,1ch,0,0,-2.37m,8.77m,1.31m,-85.18°,-2.17°,-90.2°,-2.37,8.769,-1.312,4.82,177.83,269.8
259,ParLight,Generic Dimmer,Generic Dimmer,1ch,0,0,-0.76m,8.77m,1.31m,-85.18°,-2.17°,-90.2°,-0.762,8.769,-1.312,4.82,177.83,269.8
311,ParLight,Generic Dimmer,Generic Dimmer,1ch,0,0,0.73m,8.77m,1.31m,-85.18°,-2.17°,-90.2°,0.735,8.769,-1.312,4.82,177.83,269.8
363,ParLight,Generic Dimmer,Generic Dimmer,1ch,0,0,2.32m,8.77m,1.31m,-85.18°,-2.17°,-90.2°,2.325,8.769,-1.312,4.82,177.83,269.8
415,ParLight,Generic Dimmer,Generic Dimmer,1ch,0,0,3.82m,8.77m,1.31m,-85.18°,-2.17°,-90.2°,3.816,8.769,-1.312,4.82,177.83,269.8
467,ParLight,Generic Dimmer,Generic Dimmer,1ch,0,0,5.41m,8.77m,1.31m,-85.18°,-2.17°,-90.2°,5.415,8.769,-1.312,4.82,177.83,269.8
519,ParLight,Generic Dimmer,Generic Dimmer,1ch,0,0,6.89m,8.77m,1.31m,-85.18°,-2.17°,-90.2°,6.895,8.769,-1.312,4.82,177.83,269.8
52,ParLight,Generic Dimmer,Generic Dimmer,1ch,0,0,-6.9m,8.77m,1.31m,-85.18°,-2.17°,-90.2°,-6.903,8.775,-1.312,4.82,177.83,269.8
104,ParLight,Generic Dimmer,Generic Dimmer,1ch,0,0,-5.44m,8.77m,1.31m,-85.18°,-2.17°,-90.2°,-5.444,8.775,-1.312,4.82,177.83,269.8
156,ParLight,Generic Dimmer,Generic Dimmer,1ch,0,0,-3.81m,8.77m,1.31m,-85.18°,-2.17°,-90.2°,-3.807,8.775,-1.312,4.82,177.83,269.8
208,ParLight,Generic Dimmer,Generic Dimmer,1ch,0,0,-2.36m,8.77m,1.31m,-85.18°,-2.17°,-90.2°,-2.363,8.775,-1.312,4.82,177.83,269.8
260,ParLight,Generic Dimmer,Generic Dimmer,1ch,0,0,-0.76m,8.77m,1.31m,-85.18°,-2.17°,-90.2°,-0.755,8.775,-1.312,4.82,177.83,269.8
312,ParLight,Generic Dimmer,Generic Dimmer,1ch,0,0,0.74m,8.77m,1.31m,-85.18°,-2.17°,-90.2°,0.742,8.775,-1.312,4.82,177.83,269.8
364,ParLight,Generic Dimmer,Generic Dimmer,1ch,0,0,2.33m,8.77m,1.31m,-85.18°,-2.17°,-90.2°,2.332,8.775,-1.312,4.82,177.83,269.8
416,ParLight,Generic Dimmer,Generic Dimmer,1ch,0,0,3.82m,8.77m,1.31m,-85.18°,-2.17°,-90.2°,3.823,8.775,-1.312,4.82,177.83,269.8
468,ParLight,Generic Dimmer,Generic Dimmer,1ch,0,0,5.42m,8.77m,1.31m,-85.18°,-2.17°,-90.2°,5.422,8.775,-1.312,4.82,177.83,269.8
520,ParLight,Generic Dimmer,Generic Dimmer,1ch,0,0,6.9m,8.77m,1.31m,-85.18°,-2.17°,-90.2°,6.902,8.775,-1.312,4.82,177.83,269.8
53,ParLight,Generic Dimmer,Generic Dimmer,1ch,0,0,-6.89m,8.74m,1.28m,-179.97°,90°,0°,-6.892,8.742,-1.276,270.03,270,0
105,ParLight,Generic Dimmer,Generic Dimmer,1ch,0,0,-5.43m,8.74m,1.28m,-179.97°,90°,0°,-5.433,8.742,-1.276,270.03,270,0
157,ParLight,Generic Dimmer,Generic Dimmer,1ch,0,0,-3.8m,8.74m,1.28m,-179.97°,90°,0°,-3.796,8.742,-1.276,270.03,270,0
209,ParLight,Generic Dimmer,Generic Dimmer,1ch,0,0,-2.35m,8.74m,1.28m,-179.97°,90°,0°,-2.352,8.742,-1.276,270.03,270,0
261,ParLight,Generic Dimmer,Generic Dimmer,1ch,0,0,-0.74m,8.74m,1.28m,-179.97°,90°,0°,-0.744,8.742,-1.276,270.03,270,0
313,ParLight,Generic Dimmer,Generic Dimmer,1ch,0,0,0.75m,8.74m,1.28m,-179.97°,90°,0°,0.753,8.742,-1.276,270.03,270,0
365,ParLight,Generic Dimmer,Generic Dimmer,1ch,0,0,2.34m,8.74m,1.28m,-179.97°,90°,0°,2.343,8.742,-1.276,270.03,270,0
417,ParLight,Generic Dimmer,Generic Dimmer,1ch,0,0,3.83m,8.74m,1.28m,-179.97°,90°,0°,3.834,8.742,-1.276,270.03,270,0
469,ParLight,Generic Dimmer,Generic Dimmer,1ch,0,0,5.43m,8.74m,1.28m,-179.97°,90°,0°,5.433,8.742,-1.276,270.03,270,0
521,ParLight,Generic Dimmer,Generic Dimmer,1ch,0,0,6.91m,8.74m,1.28m,-179.97°,90°,0°,6.913,8.742,-1.276,270.03,270,0
16,ParLight,Generic Dimmer,Generic Dimmer,1ch,0,0,-6.9m,8.74m,1.34m,-179.98°,90°,0°,-6.895,8.743,-1.344,270.02,270,0
68,ParLight,Generic Dimmer,Generic Dimmer,1ch,0,0,-5.44m,8.74m,1.34m,-179.98°,90°,0°,-5.436,8.743,-1.344,270.02,270,0
120,ParLight,Generic Dimmer,Generic Dimmer,1ch,0,0,-3.8m,8.74m,1.34m,-179.98°,90°,0°,-3.799,8.743,-1.344,270.02,270,0
172,ParLight,Generic Dimmer,Generic Dimmer,1ch,0,0,-2.36m,8.74m,1.34m,-179.98°,90°,0°,-2.355,8.743,-1.344,270.02,270,0
224,ParLight,Generic Dimmer,Generic Dimmer,1ch,0,0,-0.75m,8.74m,1.34m,-179.98°,90°,0°,-0.747,8.743,-1.344,270.02,270,0
276,ParLight,Generic Dimmer,Generic Dimmer,1ch,0,0,0.75m,8.74m,1.34m,-179.98°,90°,0°,0.75,8.743,-1.344,270.02,270,0
328,ParLight,Generic Dimmer,Generic Dimmer,1ch,0,0,2.34m,8.74m,1.34m,-179.98°,90°,0°,2.34,8.743,-1.344,270.02,270,0
380,ParLight,Generic Dimmer,Generic Dimmer,1ch,0,0,3.83m,8.74m,1.34m,-179.98°,90°,0°,3.831,8.743,-1.344,270.02,270,0
432,ParLight,Generic Dimmer,Generic Dimmer,1ch,0,0,5.43m,8.74m,1.34m,-179.98°,90°,0°,5.43,8.743,-1.344,270.02,270,0
484,ParLight,Generic Dimmer,Generic Dimmer,1ch,0,0,6.91m,8.74m,1.34m,-179.98°,90°,0°,6.91,8.743,-1.344,270.02,270,0
17,ParLight,Generic Dimmer,Generic Dimmer,1ch,0,0,-6.9m,8.74m,1.34m,-179.98°,90°,0°,-6.895,8.743,-1.344,270.02,270,0
69,ParLight,Generic Dimmer,Generic Dimmer,1ch,0,0,-5.44m,8.74m,1.34m,-179.98°,90°,0°,-5.436,8.743,-1.344,270.02,270,0
121,ParLight,Generic Dimmer,Generic Dimmer,1ch,0,0,-3.8m,8.74m,1.34m,-179.98°,90°,0°,-3.799,8.743,-1.344,270.02,270,0
173,ParLight,Generic Dimmer,Generic Dimmer,1ch,0,0,-2.36m,8.74m,1.34m,-179.98°,90°,0°,-2.355,8.743,-1.344,270.02,270,0
225,ParLight,Generic Dimmer,Generic Dimmer,1ch,0,0,-0.75m,8.74m,1.34m,-179.98°,90°,0°,-0.747,8.743,-1.344,270.02,270,0
277,ParLight,Generic Dimmer,Generic Dimmer,1ch,0,0,0.75m,8.74m,1.34m,-179.98°,90°,0°,0.75,8.743,-1.344,270.02,270,0
329,ParLight,Generic Dimmer,Generic Dimmer,1ch,0,0,2.34m,8.74m,1.34m,-179.98°,90°,0°,2.34,8.743,-1.344,270.02,270,0
381,ParLight,Generic Dimmer,Generic Dimmer,1ch,0,0,3.83m,8.74m,1.34m,-179.98°,90°,0°,3.831,8.743,-1.344,270.02,270,0
433,ParLight,Generic Dimmer,Generic Dimmer,1ch,0,0,5.43m,8.74m,1.34m,-179.98°,90°,0°,5.43,8.743,-1.344,270.02,270,0
485,ParLight,Generic Dimmer,Generic Dimmer,1ch,0,0,6.91m,8.74m,1.34m,-179.98°,90°,0°,6.91,8.743,-1.344,270.02,270,0
18,ParLight,Generic Dimmer,Generic Dimmer,1ch,0,0,-6.9m,8.74m,1.34m,-179.98°,90°,0°,-6.895,8.743,-1.344,270.02,270,0
70,ParLight,Generic Dimmer,Generic Dimmer,1ch,0,0,-5.44m,8.74m,1.34m,-179.98°,90°,0°,-5.436,8.743,-1.344,270.02,270,0
122,ParLight,Generic Dimmer,Generic Dimmer,1ch,0,0,-3.8m,8.74m,1.34m,-179.98°,90°,0°,-3.799,8.743,-1.344,270.02,270,0
174,ParLight,Generic Dimmer,Generic Dimmer,1ch,0,0,-2.36m,8.74m,1.34m,-179.98°,90°,0°,-2.355,8.743,-1.344,270.02,270,0
226,ParLight,Generic Dimmer,Generic Dimmer,1ch,0,0,-0.75m,8.74m,1.34m,-179.98°,90°,0°,-0.747,8.743,-1.344,270.02,270,0
278,ParLight,Generic Dimmer,Generic Dimmer,1ch,0,0,0.75m,8.74m,1.34m,-179.98°,90°,0°,0.75,8.743,-1.344,270.02,270,0
330,ParLight,Generic Dimmer,Generic Dimmer,1ch,0,0,2.34m,8.74m,1.34m,-179.98°,90°,0°,2.34,8.743,-1.344,270.02,270,0
382,ParLight,Generic Dimmer,Generic Dimmer,1ch,0,0,3.83m,8.74m,1.34m,-179.98°,90°,0°,3.831,8.743,-1.344,270.02,270,0
434,ParLight,Generic Dimmer,Generic Dimmer,1ch,0,0,5.43m,8.74m,1.34m,-179.98°,90°,0°,5.43,8.743,-1.344,270.02,270,0
486,ParLight,Generic Dimmer,Generic Dimmer,1ch,0,0,6.91m,8.74m,1.34m,-179.98°,90°,0°,6.91,8.743,-1.344,270.02,270,0
19,ParLight,Generic Dimmer,Generic Dimmer,1ch,0,0,-6.9m,8.74m,1.34m,-179.98°,90°,0°,-6.895,8.743,-1.344,270.02,270,0
71,ParLight,Generic Dimmer,Generic Dimmer,1ch,0,0,-5.44m,8.74m,1.34m,-179.98°,90°,0°,-5.436,8.743,-1.344,270.02,270,0
123,ParLight,Generic Dimmer,Generic Dimmer,1ch,0,0,-3.8m,8.74m,1.34m,-179.98°,90°,0°,-3.799,8.743,-1.344,270.02,270,0
175,ParLight,Generic Dimmer,Generic Dimmer,1ch,0,0,-2.36m,8.74m,1.34m,-179.98°,90°,0°,-2.355,8.743,-1.344,270.02,270,0
227,ParLight,Generic Dimmer,Generic Dimmer,1ch,0,0,-0.75m,8.74m,1.34m,-179.98°,90°,0°,-0.747,8.743,-1.344,270.02,270,0
279,ParLight,Generic Dimmer,Generic Dimmer,1ch,0,0,0.75m,8.74m,1.34m,-179.98°,90°,0°,0.75,8.743,-1.344,270.02,270,0
331,ParLight,Generic Dimmer,Generic Dimmer,1ch,0,0,2.34m,8.74m,1.34m,-179.98°,90°,0°,2.34,8.743,-1.344,270.02,270,0
383,ParLight,Generic Dimmer,Generic Dimmer,1ch,0,0,3.83m,8.74m,1.34m,-179.98°,90°,0°,3.831,8.743,-1.344,270.02,270,0
435,ParLight,Generic Dimmer,Generic Dimmer,1ch,0,0,5.43m,8.74m,1.34m,-179.98°,90°,0°,5.43,8.743,-1.344,270.02,270,0
487,ParLight,Generic Dimmer,Generic Dimmer,1ch,0,0,6.91m,8.74m,1.34m,-179.98°,90°,0°,6.91,8.743,-1.344,270.02,270,0
20,ParLight,Generic Dimmer,Generic Dimmer,1ch,0,0,-6.9m,8.74m,1.34m,-179.98°,90°,0°,-6.895,8.743,-1.344,270.02,270,0
72,ParLight,Generic Dimmer,Generic Dimmer,1ch,0,0,-5.44m,8.74m,1.34m,-179.98°,90°,0°,-5.436,8.743,-1.344,270.02,270,0
124,ParLight,Generic Dimmer,Generic Dimmer,1ch,0,0,-3.8m,8.74m,1.34m,-179.98°,90°,0°,-3.799,8.743,-1.344,270.02,270,0
176,ParLight,Generic Dimmer,Generic Dimmer,1ch,0,0,-2.36m,8.74m,1.34m,-179.98°,90°,0°,-2.355,8.743,-1.344,270.02,270,0
228,ParLight,Generic Dimmer,Generic Dimmer,1ch,0,0,-0.75m,8.74m,1.34m,-179.98°,90°,0°,-0.747,8.743,-1.344,270.02,270,0
280,ParLight,Generic Dimmer,Generic Dimmer,1ch,0,0,0.75m,8.74m,1.34m,-179.98°,90°,0°,0.75,8.743,-1.344,270.02,270,0
332,ParLight,Generic Dimmer,Generic Dimmer,1ch,0,0,2.34m,8.74m,1.34m,-179.98°,90°,0°,2.34,8.743,-1.344,270.02,270,0
384,ParLight,Generic Dimmer,Generic Dimmer,1ch,0,0,3.83m,8.74m,1.34m,-179.98°,90°,0°,3.831,8.743,-1.344,270.02,270,0
436,ParLight,Generic Dimmer,Generic Dimmer,1ch,0,0,5.43m,8.74m,1.34m,-179.98°,90°,0°,5.43,8.743,-1.344,270.02,270,0
488,ParLight,Generic Dimmer,Generic Dimmer,1ch,0,0,6.91m,8.74m,1.34m,-179.98°,90°,0°,6.91,8.743,-1.344,270.02,270,0
21,ParLight,Generic Dimmer,Generic Dimmer,1ch,0,0,-6.9m,8.74m,1.34m,-179.98°,90°,0°,-6.895,8.743,-1.344,270.02,270,0
73,ParLight,Generic Dimmer,Generic Dimmer,1ch,0,0,-5.44m,8.74m,1.34m,-179.98°,90°,0°,-5.436,8.743,-1.344,270.02,270,0
125,ParLight,Generic Dimmer,Generic Dimmer,1ch,0,0,-3.8m,8.74m,1.34m,-179.98°,90°,0°,-3.799,8.743,-1.344,270.02,270,0
177,ParLight,Generic Dimmer,Generic Dimmer,1ch,0,0,-2.36m,8.74m,1.34m,-179.98°,90°,0°,-2.355,8.743,-1.344,270.02,270,0
229,ParLight,Generic Dimmer,Generic Dimmer,1ch,0,0,-0.75m,8.74m,1.34m,-179.98°,90°,0°,-0.747,8.743,-1.344,270.02,270,0
281,ParLight,Generic Dimmer,Generic Dimmer,1ch,0,0,0.75m,8.74m,1.34m,-179.98°,90°,0°,0.75,8.743,-1.344,270.02,270,0
333,ParLight,Generic Dimmer,Generic Dimmer,1ch,0,0,2.34m,8.74m,1.34m,-179.98°,90°,0°,2.34,8.743,-1.344,270.02,270,0
385,ParLight,Generic Dimmer,Generic Dimmer,1ch,0,0,3.83m,8.74m,1.34m,-179.98°,90°,0°,3.831,8.743,-1.344,270.02,270,0
437,ParLight,Generic Dimmer,Generic Dimmer,1ch,0,0,5.43m,8.74m,1.34m,-179.98°,90°,0°,5.43,8.743,-1.344,270.02,270,0
489,ParLight,Generic Dimmer,Generic Dimmer,1ch,0,0,6.91m,8.74m,1.34m,-179.98°,90°,0°,6.91,8.743,-1.344,270.02,270,0
22,ParLight,Generic Dimmer,Generic Dimmer,1ch,0,0,-6.9m,8.74m,1.34m,-179.98°,90°,0°,-6.895,8.743,-1.344,270.02,270,0
74,ParLight,Generic Dimmer,Generic Dimmer,1ch,0,0,-5.44m,8.74m,1.34m,-179.98°,90°,0°,-5.436,8.743,-1.344,270.02,270,0
126,ParLight,Generic Dimmer,Generic Dimmer,1ch,0,0,-3.8m,8.74m,1.34m,-179.98°,90°,0°,-3.799,8.743,-1.344,270.02,270,0
178,ParLight,Generic Dimmer,Generic Dimmer,1ch,0,0,-2.36m,8.74m,1.34m,-179.98°,90°,0°,-2.355,8.743,-1.344,270.02,270,0
230,ParLight,Generic Dimmer,Generic Dimmer,1ch,0,0,-0.75m,8.74m,1.34m,-179.98°,90°,0°,-0.747,8.743,-1.344,270.02,270,0
282,ParLight,Generic Dimmer,Generic Dimmer,1ch,0,0,0.75m,8.74m,1.34m,-179.98°,90°,0°,0.75,8.743,-1.344,270.02,270,0
334,ParLight,Generic Dimmer,Generic Dimmer,1ch,0,0,2.34m,8.74m,1.34m,-179.98°,90°,0°,2.34,8.743,-1.344,270.02,270,0
386,ParLight,Generic Dimmer,Generic Dimmer,1ch,0,0,3.83m,8.74m,1.34m,-179.98°,90°,0°,3.831,8.743,-1.344,270.02,270,0
438,ParLight,Generic Dimmer,Generic Dimmer,1ch,0,0,5.43m,8.74m,1.34m,-179.98°,90°,0°,5.43,8.743,-1.344,270.02,270,0
490,ParLight,Generic Dimmer,Generic Dimmer,1ch,0,0,6.91m,8.74m,1.34m,-179.98°,90°,0°,6.91,8.743,-1.344,270.02,270,0
23,ParLight,Generic Dimmer,Generic Dimmer,1ch,0,0,-6.9m,8.74m,1.34m,-179.98°,90°,0°,-6.895,8.743,-1.344,270.02,270,0
75,ParLight,Generic Dimmer,Generic Dimmer,1ch,0,0,-5.44m,8.74m,1.34m,-179.98°,90°,0°,-5.436,8.743,-1.344,270.02,270,0
127,ParLight,Generic Dimmer,Generic Dimmer,1ch,0,0,-3.8m,8.74m,1.34m,-179.98°,90°,0°,-3.799,8.743,-1.344,270.02,270,0
179,ParLight,Generic Dimmer,Generic Dimmer,1ch,0,0,-2.36m,8.74m,1.34m,-179.98°,90°,0°,-2.355,8.743,-1.344,270.02,270,0
231,ParLight,Generic Dimmer,Generic Dimmer,1ch,0,0,-0.75m,8.74m,1.34m,-179.98°,90°,0°,-0.747,8.743,-1.344,270.02,270,0
283,ParLight,Generic Dimmer,Generic Dimmer,1ch,0,0,0.75m,8.74m,1.34m,-179.98°,90°,0°,0.75,8.743,-1.344,270.02,270,0
335,ParLight,Generic Dimmer,Generic Dimmer,1ch,0,0,2.34m,8.74m,1.34m,-179.98°,90°,0°,2.34,8.743,-1.344,270.02,270,0
387,ParLight,Generic Dimmer,Generic Dimmer,1ch,0,0,3.83m,8.74m,1.34m,-179.98°,90°,0°,3.831,8.743,-1.344,270.02,270,0
439,ParLight,Generic Dimmer,Generic Dimmer,1ch,0,0,5.43m,8.74m,1.34m,-179.98°,90°,0°,5.43,8.743,-1.344,270.02,270,0
491,ParLight,Generic Dimmer,Generic Dimmer,1ch,0,0,6.91m,8.74m,1.34m,-179.98°,90°,0°,6.91,8.743,-1.344,270.02,270,0
24,ParLight,Generic Dimmer,Generic Dimmer,1ch,0,0,-6.9m,8.74m,1.34m,-179.98°,90°,0°,-6.895,8.743,-1.344,270.02,270,0
76,ParLight,Generic Dimmer,Generic Dimmer,1ch,0,0,-5.44m,8.74m,1.34m,-179.98°,90°,0°,-5.436,8.743,-1.344,270.02,270,0
128,ParLight,Generic Dimmer,Generic Dimmer,1ch,0,0,-3.8m,8.74m,1.34m,-179.98°,90°,0°,-3.799,8.743,-1.344,270.02,270,0
180,ParLight,Generic Dimmer,Generic Dimmer,1ch,0,0,-2.36m,8.74m,1.34m,-179.98°,90°,0°,-2.355,8.743,-1.344,270.02,270,0
232,ParLight,Generic Dimmer,Generic Dimmer,1ch,0,0,-0.75m,8.74m,1.34m,-179.98°,90°,0°,-0.747,8.743,-1.344,270.02,270,0
284,ParLight,Generic Dimmer,Generic Dimmer,1ch,0,0,0.75m,8.74m,1.34m,-179.98°,90°,0°,0.75,8.743,-1.344,270.02,270,0
336,ParLight,Generic Dimmer,Generic Dimmer,1ch,0,0,2.34m,8.74m,1.34m,-179.98°,90°,0°,2.34,8.743,-1.344,270.02,270,0
388,ParLight,Generic Dimmer,Generic Dimmer,1ch,0,0,3.83m,8.74m,1.34m,-179.98°,90°,0°,3.831,8.743,-1.344,270.02,270,0
440,ParLight,Generic Dimmer,Generic Dimmer,1ch,0,0,5.43m,8.74m,1.34m,-179.98°,90°,0°,5.43,8.743,-1.344,270.02,270,0
492,ParLight,Generic Dimmer,Generic Dimmer,1ch,0,0,6.91m,8.74m,1.34m,-179.98°,90°,0°,6.91,8.743,-1.344,270.02,270,0
25,ParLight,Generic Dimmer,Generic Dimmer,1ch,0,0,-6.9m,8.74m,1.34m,-179.98°,90°,0°,-6.895,8.743,-1.344,270.02,270,0
77,ParLight,Generic Dimmer,Generic Dimmer,1ch,0,0,-5.44m,8.74m,1.34m,-179.98°,90°,0°,-5.436,8.743,-1.344,270.02,270,0
129,ParLight,Generic Dimmer,Generic Dimmer,1ch,0,0,-3.8m,8.74m,1.34m,-179.98°,90°,0°,-3.799,8.743,-1.344,270.02,270,0
181,ParLight,Generic Dimmer,Generic Dimmer,1ch,0,0,-2.36m,8.74m,1.34m,-179.98°,90°,0°,-2.355,8.743,-1.344,270.02,270,0
233,ParLight,Generic Dimmer,Generic Dimmer,1ch,0,0,-0.75m,8.74m,1.34m,-179.98°,90°,0°,-0.747,8.743,-1.344,270.02,270,0
285,ParLight,Generic Dimmer,Generic Dimmer,1ch,0,0,0.75m,8.74m,1.34m,-179.98°,90°,0°,0.75,8.743,-1.344,270.02,270,0
337,ParLight,Generic Dimmer,Generic Dimmer,1ch,0,0,2.34m,8.74m,1.34m,-179.98°,90°,0°,2.34,8.743,-1.344,270.02,270,0
389,ParLight,Generic Dimmer,Generic Dimmer,1ch,0,0,3.83m,8.74m,1.34m,-179.98°,90°,0°,3.831,8.743,-1.344,270.02,270,0
441,ParLight,Generic Dimmer,Generic Dimmer,1ch,0,0,5.43m,8.74m,1.34m,-179.98°,90°,0°,5.43,8.743,-1.344,270.02,270,0
493,ParLight,Generic Dimmer,Generic Dimmer,1ch,0,0,6.91m,8.74m,1.34m,-179.98°,90°,0°,6.91,8.743,-1.344,270.02,270,0
26,ParLight,Generic Dimmer,Generic Dimmer,1ch,0,0,-6.9m,8.74m,1.34m,-179.98°,90°,0°,-6.895,8.743,-1.344,270.02,270,0
78,ParLight,Generic Dimmer,Generic Dimmer,1ch,0,0,-5.44m,8.74m,1.34m,-179.98°,90°,0°,-5.436,8.743,-1.344,270.02,270,0
130,ParLight,Generic Dimmer,Generic Dimmer,1ch,0,0,-3.8m,8.74m,1.34m,-179.98°,90°,0°,-3.799,8.743,-1.344,270.02,270,0
182,ParLight,Generic Dimmer,Generic Dimmer,1ch,0,0,-2.36m,8.74m,1.34m,-179.98°,90°,0°,-2.355,8.743,-1.344,270.02,270,0
234,ParLight,Generic Dimmer,Generic Dimmer,1ch,0,0,-0.75m,8.74m,1.34m,-179.98°,90°,0°,-0.747,8.743,-1.344,270.02,270,0
286,ParLight,Generic Dimmer,Generic Dimmer,1ch,0,0,0.75m,8.74m,1.34m,-179.98°,90°,0°,0.75,8.743,-1.344,270.02,270,0
338,ParLight,Generic Dimmer,Generic Dimmer,1ch,0,0,2.34m,8.74m,1.34m,-179.98°,90°,0°,2.34,8.743,-1.344,270.02,270,0
390,ParLight,Generic Dimmer,Generic Dimmer,1ch,0,0,3.83m,8.74m,1.34m,-179.98°,90°,0°,3.831,8.743,-1.344,270.02,270,0
442,ParLight,Generic Dimmer,Generic Dimmer,1ch,0,0,5.43m,8.74m,1.34m,-179.98°,90°,0°,5.43,8.743,-1.344,270.02,270,0
494,ParLight,Generic Dimmer,Generic Dimmer,1ch,0,0,6.91m,8.74m,1.34m,-179.98°,90°,0°,6.91,8.743,-1.344,270.02,270,0
27,ParLight,Generic Dimmer,Generic Dimmer,1ch,0,0,-6.9m,8.74m,1.34m,-179.98°,90°,0°,-6.895,8.743,-1.344,270.02,270,0
79,ParLight,Generic Dimmer,Generic Dimmer,1ch,0,0,-5.44m,8.74m,1.34m,-179.98°,90°,0°,-5.436,8.743,-1.344,270.02,270,0
131,ParLight,Generic Dimmer,Generic Dimmer,1ch,0,0,-3.8m,8.74m,1.34m,-179.98°,90°,0°,-3.799,8.743,-1.344,270.02,270,0
183,ParLight,Generic Dimmer,Generic Dimmer,1ch,0,0,-2.36m,8.74m,1.34m,-179.98°,90°,0°,-2.355,8.743,-1.344,270.02,270,0
235,ParLight,Generic Dimmer,Generic Dimmer,1ch,0,0,-0.75m,8.74m,1.34m,-179.98°,90°,0°,-0.747,8.743,-1.344,270.02,270,0
287,ParLight,Generic Dimmer,Generic Dimmer,1ch,0,0,0.75m,8.74m,1.34m,-179.98°,90°,0°,0.75,8.743,-1.344,270.02,270,0
339,ParLight,Generic Dimmer,Generic Dimmer,1ch,0,0,2.34m,8.74m,1.34m,-179.98°,90°,0°,2.34,8.743,-1.344,270.02,270,0
391,ParLight,Generic Dimmer,Generic Dimmer,1ch,0,0,3.83m,8.74m,1.34m,-179.98°,90°,0°,3.831,8.743,-1.344,270.02,270,0
443,ParLight,Generic Dimmer,Generic Dimmer,1ch,0,0,5.43m,8.74m,1.34m,-179.98°,90°,0°,5.43,8.743,-1.344,270.02,270,0
495,ParLight,Generic Dimmer,Generic Dimmer,1ch,0,0,6.91m,8.74m,1.34m,-179.98°,90°,0°,6.91,8.743,-1.344,270.02,270,0
28,ParLight,Generic Dimmer,Generic Dimmer,1ch,0,0,-6.9m,8.74m,1.34m,-179.98°,90°,0°,-6.895,8.743,-1.344,270.02,270,0
80,ParLight,Generic Dimmer,Generic Dimmer,1ch,0,0,-5.44m,8.74m,1.34m,-179.98°,90°,0°,-5.436,8.743,-1.344,270.02,270,0
132,ParLight,Generic Dimmer,Generic Dimmer,1ch,0,0,-3.8m,8.74m,1.34m,-179.98°,90°,0°,-3.799,8.743,-1.344,270.02,270,0
184,ParLight,Generic Dimmer,Generic Dimmer,1ch,0,0,-2.36m,8.74m,1.34m,-179.98°,90°,0°,-2.355,8.743,-1.344,270.02,270,0
236,ParLight,Generic Dimmer,Generic Dimmer,1ch,0,0,-0.75m,8.74m,1.34m,-179.98°,90°,0°,-0.747,8.743,-1.344,270.02,270,0
288,ParLight,Generic Dimmer,Generic Dimmer,1ch,0,0,0.75m,8.74m,1.34m,-179.98°,90°,0°,0.75,8.743,-1.344,270.02,270,0
340,ParLight,Generic Dimmer,Generic Dimmer,1ch,0,0,2.34m,8.74m,1.34m,-179.98°,90°,0°,2.34,8.743,-1.344,270.02,270,0
392,ParLight,Generic Dimmer,Generic Dimmer,1ch,0,0,3.83m,8.74m,1.34m,-179.98°,90°,0°,3.831,8.743,-1.344,270.02,270,0
444,ParLight,Generic Dimmer,Generic Dimmer,1ch,0,0,5.43m,8.74m,1.34m,-179.98°,90°,0°,5.43,8.743,-1.344,270.02,270,0
496,ParLight,Generic Dimmer,Generic Dimmer,1ch,0,0,6.91m,8.74m,1.34m,-179.98°,90°,0°,6.91,8.743,-1.344,270.02,270,0
29,ParLight,Generic Dimmer,Generic Dimmer,1ch,0,0,-6.9m,8.74m,1.34m,-179.98°,90°,0°,-6.895,8.743,-1.344,270.02,270,0
81,ParLight,Generic Dimmer,Generic Dimmer,1ch,0,0,-5.44m,8.74m,1.34m,-179.98°,90°,0°,-5.436,8.743,-1.344,270.02,270,0
133,ParLight,Generic Dimmer,Generic Dimmer,1ch,0,0,-3.8m,8.74m,1.34m,-179.98°,90°,0°,-3.799,8.743,-1.344,270.02,270,0
185,ParLight,Generic Dimmer,Generic Dimmer,1ch,0,0,-2.36m,8.74m,1.34m,-179.98°,90°,0°,-2.355,8.743,-1.344,270.02,270,0
237,ParLight,Generic Dimmer,Generic Dimmer,1ch,0,0,-0.75m,8.74m,1.34m,-179.98°,90°,0°,-0.747,8.743,-1.344,270.02,270,0
289,ParLight,Generic Dimmer,Generic Dimmer,1ch,0,0,0.75m,8.74m,1.34m,-179.98°,90°,0°,0.75,8.743,-1.344,270.02,270,0
341,ParLight,Generic Dimmer,Generic Dimmer,1ch,0,0,2.34m,8.74m,1.34m,-179.98°,90°,0°,2.34,8.743,-1.344,270.02,270,0
393,ParLight,Generic Dimmer,Generic Dimmer,1ch,0,0,3.83m,8.74m,1.34m,-179.98°,90°,0°,3.831,8.743,-1.344,270.02,270,0
445,ParLight,Generic Dimmer,Generic Dimmer,1ch,0,0,5.43m,8.74m,1.34m,-179.98°,90°,0°,5.43,8.743,-1.344,270.02,270,0
497,ParLight,Generic Dimmer,Generic Dimmer,1ch,0,0,6.91m,8.74m,1.34m,-179.98°,90°,0°,6.91,8.743,-1.344,270.02,270,0
30,ParLight,Generic Dimmer,Generic Dimmer,1ch,0,0,-6.9m,8.74m,1.34m,-179.98°,90°,0°,-6.895,8.743,-1.344,270.02,270,0
82,ParLight,Generic Dimmer,Generic Dimmer,1ch,0,0,-5.44m,8.74m,1.34m,-179.98°,90°,0°,-5.436,8.743,-1.344,270.02,270,0
134,ParLight,Generic Dimmer,Generic Dimmer,1ch,0,0,-3.8m,8.74m,1.34m,-179.98°,90°,0°,-3.799,8.743,-1.344,270.02,270,0
186,ParLight,Generic Dimmer,Generic Dimmer,1ch,0,0,-2.36m,8.74m,1.34m,-179.98°,90°,0°,-2.355,8.743,-1.344,270.02,270,0
238,ParLight,Generic Dimmer,Generic Dimmer,1ch,0,0,-0.75m,8.74m,1.34m,-179.98°,90°,0°,-0.747,8.743,-1.344,270.02,270,0
290,ParLight,Generic Dimmer,Generic Dimmer,1ch,0,0,0.75m,8.74m,1.34m,-179.98°,90°,0°,0.75,8.743,-1.344,270.02,270,0
342,ParLight,Generic Dimmer,Generic Dimmer,1ch,0,0,2.34m,8.74m,1.34m,-179.98°,90°,0°,2.34,8.743,-1.344,270.02,270,0
394,ParLight,Generic Dimmer,Generic Dimmer,1ch,0,0,3.83m,8.74m,1.34m,-179.98°,90°,0°,3.831,8.743,-1.344,270.02,270,0
446,ParLight,Generic Dimmer,Generic Dimmer,1ch,0,0,5.43m,8.74m,1.34m,-179.98°,90°,0°,5.43,8.743,-1.344,270.02,270,0
498,ParLight,Generic Dimmer,Generic Dimmer,1ch,0,0,6.91m,8.74m,1.34m,-179.98°,90°,0°,6.91,8.743,-1.344,270.02,270,0
31,ParLight,Generic Dimmer,Generic Dimmer,1ch,0,0,-6.9m,8.74m,1.34m,-179.98°,90°,0°,-6.895,8.743,-1.344,270.02,270,0
83,ParLight,Generic Dimmer,Generic Dimmer,1ch,0,0,-5.44m,8.74m,1.34m,-179.98°,90°,0°,-5.436,8.743,-1.344,270.02,270,0
135,ParLight,Generic Dimmer,Generic Dimmer,1ch,0,0,-3.8m,8.74m,1.34m,-179.98°,90°,0°,-3.799,8.743,-1.344,270.02,270,0
187,ParLight,Generic Dimmer,Generic Dimmer,1ch,0,0,-2.36m,8.74m,1.34m,-179.98°,90°,0°,-2.355,8.743,-1.344,270.02,270,0
239,ParLight,Generic Dimmer,Generic Dimmer,1ch,0,0,-0.75m,8.74m,1.34m,-179.98°,90°,0°,-0.747,8.743,-1.344,270.02,270,0
291,ParLight,Generic Dimmer,Generic Dimmer,1ch,0,0,0.75m,8.74m,1.34m,-179.98°,90°,0°,0.75,8.743,-1.344,270.02,270,0
343,ParLight,Generic Dimmer,Generic Dimmer,1ch,0,0,2.34m,8.74m,1.34m,-179.98°,90°,0°,2.34,8.743,-1.344,270.02,270,0
395,ParLight,Generic Dimmer,Generic Dimmer,1ch,0,0,3.83m,8.74m,1.34m,-179.98°,90°,0°,3.831,8.743,-1.344,270.02,270,0
447,ParLight,Generic Dimmer,Generic Dimmer,1ch,0,0,5.43m,8.74m,1.34m,-179.98°,90°,0°,5.43,8.743,-1.344,270.02,270,0
499,ParLight,Generic Dimmer,Generic Dimmer,1ch,0,0,6.91m,8.74m,1.34m,-179.98°,90°,0°,6.91,8.743,-1.344,270.02,270,0
32,ParLight,Generic Dimmer,Generic Dimmer,1ch,0,0,-6.9m,8.74m,1.34m,-179.98°,90°,0°,-6.895,8.743,-1.344,270.02,270,0
84,ParLight,Generic Dimmer,Generic Dimmer,1ch,0,0,-5.44m,8.74m,1.34m,-179.98°,90°,0°,-5.436,8.743,-1.344,270.02,270,0
136,ParLight,Generic Dimmer,Generic Dimmer,1ch,0,0,-3.8m,8.74m,1.34m,-179.98°,90°,0°,-3.799,8.743,-1.344,270.02,270,0
188,ParLight,Generic Dimmer,Generic Dimmer,1ch,0,0,-2.36m,8.74m,1.34m,-179.98°,90°,0°,-2.355,8.743,-1.344,270.02,270,0
240,ParLight,Generic Dimmer,Generic Dimmer,1ch,0,0,-0.75m,8.74m,1.34m,-179.98°,90°,0°,-0.747,8.743,-1.344,270.02,270,0
292,ParLight,Generic Dimmer,Generic Dimmer,1ch,0,0,0.75m,8.74m,1.34m,-179.98°,90°,0°,0.75,8.743,-1.344,270.02,270,0
344,ParLight,Generic Dimmer,Generic Dimmer,1ch,0,0,2.34m,8.74m,1.34m,-179.98°,90°,0°,2.34,8.743,-1.344,270.02,270,0
396,ParLight,Generic Dimmer,Generic Dimmer,1ch,0,0,3.83m,8.74m,1.34m,-179.98°,90°,0°,3.831,8.743,-1.344,270.02,270,0
448,ParLight,Generic Dimmer,Generic Dimmer,1ch,0,0,5.43m,8.74m,1.34m,-179.98°,90°,0°,5.43,8.743,-1.344,270.02,270,0
500,ParLight,Generic Dimmer,Generic Dimmer,1ch,0,0,6.91m,8.74m,1.34m,-179.98°,90°,0°,6.91,8.743,-1.344,270.02,270,0
38,ParLight,Generic Dimmer,Generic Dimmer,1ch,0,0,-6.9m,8.74m,1.34m,-179.98°,90°,0°,-6.895,8.743,-1.344,270.02,270,0
90,ParLight,Generic Dimmer,Generic Dimmer,1ch,0,0,-5.44m,8.74m,1.34m,-179.98°,90°,0°,-5.436,8.743,-1.344,270.02,270,0
142,ParLight,Generic Dimmer,Generic Dimmer,1ch,0,0,-3.8m,8.74m,1.34m,-179.98°,90°,0°,-3.799,8.743,-1.344,270.02,270,0
194,ParLight,Generic Dimmer,Generic Dimmer,1ch,0,0,-2.36m,8.74m,1.34m,-179.98°,90°,0°,-2.355,8.743,-1.344,270.02,270,0
246,ParLight,Generic Dimmer,Generic Dimmer,1ch,0,0,-0.75m,8.74m,1.34m,-179.98°,90°,0°,-0.747,8.743,-1.344,270.02,270,0
298,ParLight,Generic Dimmer,Generic Dimmer,1ch,0,0,0.75m,8.74m,1.34m,-179.98°,90°,0°,0.75,8.743,-1.344,270.02,270,0
350,ParLight,Generic Dimmer,Generic Dimmer,1ch,0,0,2.34m,8.74m,1.34m,-179.98°,90°,0°,2.34,8.743,-1.344,270.02,270,0
402,ParLight,Generic Dimmer,Generic Dimmer,1ch,0,0,3.83m,8.74m,1.34m,-179.98°,90°,0°,3.831,8.743,-1.344,270.02,270,0
454,ParLight,Generic Dimmer,Generic Dimmer,1ch,0,0,5.43m,8.74m,1.34m,-179.98°,90°,0°,5.43,8.743,-1.344,270.02,270,0
506,ParLight,Generic Dimmer,Generic Dimmer,1ch,0,0,6.91m,8.74m,1.34m,-179.98°,90°,0°,6.91,8.743,-1.344,270.02,270,0
39,ParLight,Generic Dimmer,Generic Dimmer,1ch,0,0,-6.9m,8.74m,1.34m,-179.98°,90°,0°,-6.895,8.743,-1.344,270.02,270,0
91,ParLight,Generic Dimmer,Generic Dimmer,1ch,0,0,-5.44m,8.74m,1.34m,-179.98°,90°,0°,-5.436,8.743,-1.344,270.02,270,0
143,ParLight,Generic Dimmer,Generic Dimmer,1ch,0,0,-3.8m,8.74m,1.34m,-179.98°,90°,0°,-3.799,8.743,-1.344,270.02,270,0
195,ParLight,Generic Dimmer,Generic Dimmer,1ch,0,0,-2.36m,8.74m,1.34m,-179.98°,90°,0°,-2.355,8.743,-1.344,270.02,270,0
247,ParLight,Generic Dimmer,Generic Dimmer,1ch,0,0,-0.75m,8.74m,1.34m,-179.98°,90°,0°,-0.747,8.743,-1.344,270.02,270,0
299,ParLight,Generic Dimmer,Generic Dimmer,1ch,0,0,0.75m,8.74m,1.34m,-179.98°,90°,0°,0.75,8.743,-1.344,270.02,270,0
351,ParLight,Generic Dimmer,Generic Dimmer,1ch,0,0,2.34m,8.74m,1.34m,-179.98°,90°,0°,2.34,8.743,-1.344,270.02,270,0
403,ParLight,Generic Dimmer,Generic Dimmer,1ch,0,0,3.83m,8.74m,1.34m,-179.98°,90°,0°,3.831,8.743,-1.344,270.02,270,0
455,ParLight,Generic Dimmer,Generic Dimmer,1ch,0,0,5.43m,8.74m,1.34m,-179.98°,90°,0°,5.43,8.743,-1.344,270.02,270,0
507,ParLight,Generic Dimmer,Generic Dimmer,1ch,0,0,6.91m,8.74m,1.34m,-179.98°,90°,0°,6.91,8.743,-1.344,270.02,270,0
40,ParLight,Generic Dimmer,Generic Dimmer,1ch,0,0,-6.9m,8.74m,1.34m,-179.98°,90°,0°,-6.895,8.743,-1.344,270.02,270,0
92,ParLight,Generic Dimmer,Generic Dimmer,1ch,0,0,-5.44m,8.74m,1.34m,-179.98°,90°,0°,-5.436,8.743,-1.344,270.02,270,0
144,ParLight,Generic Dimmer,Generic Dimmer,1ch,0,0,-3.8m,8.74m,1.34m,-179.98°,90°,0°,-3.799,8.743,-1.344,270.02,270,0
196,ParLight,Generic Dimmer,Generic Dimmer,1ch,0,0,-2.36m,8.74m,1.34m,-179.98°,90°,0°,-2.355,8.743,-1.344,270.02,270,0
248,ParLight,Generic Dimmer,Generic Dimmer,1ch,0,0,-0.75m,8.74m,1.34m,-179.98°,90°,0°,-0.747,8.743,-1.344,270.02,270,0
300,ParLight,Generic Dimmer,Generic Dimmer,1ch,0,0,0.75m,8.74m,1.34m,-179.98°,90°,0°,0.75,8.743,-1.344,270.02,270,0
352,ParLight,Generic Dimmer,Generic Dimmer,1ch,0,0,2.34m,8.74m,1.34m,-179.98°,90°,0°,2.34,8.743,-1.344,270.02,270,0
404,ParLight,Generic Dimmer,Generic Dimmer,1ch,0,0,3.83m,8.74m,1.34m,-179.98°,90°,0°,3.831,8.743,-1.344,270.02,270,0
456,ParLight,Generic Dimmer,Generic Dimmer,1ch,0,0,5.43m,8.74m,1.34m,-179.98°,90°,0°,5.43,8.743,-1.344,270.02,270,0
508,ParLight,Generic Dimmer,Generic Dimmer,1ch,0,0,6.91m,8.74m,1.34m,-179.98°,90°,0°,6.91,8.743,-1.344,270.02,270,0
42,ParLight,Generic Dimmer,Generic Dimmer,1ch,0,0,-6.9m,8.74m,1.27m,-179.98°,90°,0°,-6.895,8.744,-1.269,270.02,270,0
94,ParLight,Generic Dimmer,Generic Dimmer,1ch,0,0,-5.44m,8.74m,1.27m,-179.98°,90°,0°,-5.436,8.744,-1.269,270.02,270,0
146,ParLight,Generic Dimmer,Generic Dimmer,1ch,0,0,-3.8m,8.74m,1.27m,-179.98°,90°,0°,-3.799,8.744,-1.269,270.02,270,0
198,ParLight,Generic Dimmer,Generic Dimmer,1ch,0,0,-2.36m,8.74m,1.27m,-179.98°,90°,0°,-2.355,8.744,-1.269,270.02,270,0
250,ParLight,Generic Dimmer,Generic Dimmer,1ch,0,0,-0.75m,8.74m,1.27m,-179.98°,90°,0°,-0.747,8.744,-1.269,270.02,270,0
302,ParLight,Generic Dimmer,Generic Dimmer,1ch,0,0,0.75m,8.74m,1.27m,-179.98°,90°,0°,0.75,8.744,-1.269,270.02,270,0
354,ParLight,Generic Dimmer,Generic Dimmer,1ch,0,0,2.34m,8.74m,1.27m,-179.98°,90°,0°,2.34,8.744,-1.269,270.02,270,0
406,ParLight,Generic Dimmer,Generic Dimmer,1ch,0,0,3.83m,8.74m,1.27m,-179.98°,90°,0°,3.831,8.744,-1.269,270.02,270,0
458,ParLight,Generic Dimmer,Generic Dimmer,1ch,0,0,5.43m,8.74m,1.27m,-179.98°,90°,0°,5.43,8.744,-1.269,270.02,270,0
510,ParLight,Generic Dimmer,Generic Dimmer,1ch,0,0,6.91m,8.74m,1.27m,-179.98°,90°,0°,6.91,8.744,-1.269,270.02,270,0
43,ParLight,Generic Dimmer,Generic Dimmer,1ch,0,0,-6.9m,8.74m,1.31m,-179.98°,90°,0°,-6.895,8.743,-1.314,270.02,270,0
95,ParLight,Generic Dimmer,Generic Dimmer,1ch,0,0,-5.44m,8.74m,1.31m,-179.98°,90°,0°,-5.436,8.743,-1.314,270.02,270,0
147,ParLight,Generic Dimmer,Generic Dimmer,1ch,0,0,-3.8m,8.74m,1.31m,-179.98°,90°,0°,-3.799,8.743,-1.314,270.02,270,0
199,ParLight,Generic Dimmer,Generic Dimmer,1ch,0,0,-2.36m,8.74m,1.31m,-179.98°,90°,0°,-2.355,8.743,-1.314,270.02,270,0
251,ParLight,Generic Dimmer,Generic Dimmer,1ch,0,0,-0.75m,8.74m,1.31m,-179.98°,90°,0°,-0.747,8.743,-1.314,270.02,270,0
303,ParLight,Generic Dimmer,Generic Dimmer,1ch,0,0,0.75m,8.74m,1.31m,-179.98°,90°,0°,0.75,8.743,-1.314,270.02,270,0
355,ParLight,Generic Dimmer,Generic Dimmer,1ch,0,0,2.34m,8.74m,1.31m,-179.98°,90°,0°,2.34,8.743,-1.314,270.02,270,0
407,ParLight,Generic Dimmer,Generic Dimmer,1ch,0,0,3.83m,8.74m,1.31m,-179.98°,90°,0°,3.831,8.743,-1.314,270.02,270,0
459,ParLight,Generic Dimmer,Generic Dimmer,1ch,0,0,5.43m,8.74m,1.31m,-179.98°,90°,0°,5.43,8.743,-1.314,270.02,270,0
511,ParLight,Generic Dimmer,Generic Dimmer,1ch,0,0,6.91m,8.74m,1.31m,-179.98°,90°,0°,6.91,8.743,-1.314,270.02,270,0
44,ParLight,Generic Dimmer,Generic Dimmer,1ch,0,0,-6.9m,8.74m,1.34m,-179.98°,90°,0°,-6.895,8.743,-1.344,270.02,270,0
96,ParLight,Generic Dimmer,Generic Dimmer,1ch,0,0,-5.44m,8.74m,1.34m,-179.98°,90°,0°,-5.436,8.743,-1.344,270.02,270,0
148,ParLight,Generic Dimmer,Generic Dimmer,1ch,0,0,-3.8m,8.74m,1.34m,-179.98°,90°,0°,-3.799,8.743,-1.344,270.02,270,0
200,ParLight,Generic Dimmer,Generic Dimmer,1ch,0,0,-2.36m,8.74m,1.34m,-179.98°,90°,0°,-2.355,8.743,-1.344,270.02,270,0
252,ParLight,Generic Dimmer,Generic Dimmer,1ch,0,0,-0.75m,8.74m,1.34m,-179.98°,90°,0°,-0.747,8.743,-1.344,270.02,270,0
304,ParLight,Generic Dimmer,Generic Dimmer,1ch,0,0,0.75m,8.74m,1.34m,-179.98°,90°,0°,0.75,8.743,-1.344,270.02,270,0
356,ParLight,Generic Dimmer,Generic Dimmer,1ch,0,0,2.34m,8.74m,1.34m,-179.98°,90°,0°,2.34,8.743,-1.344,270.02,270,0
408,ParLight,Generic Dimmer,Generic Dimmer,1ch,0,0,3.83m,8.74m,1.34m,-179.98°,90°,0°,3.831,8.743,-1.344,270.02,270,0
460,ParLight,Generic Dimmer,Generic Dimmer,1ch,0,0,5.43m,8.74m,1.34m,-179.98°,90°,0°,5.43,8.743,-1.344,270.02,270,0
512,ParLight,Generic Dimmer,Generic Dimmer,1ch,0,0,6.91m,8.74m,1.34m,-179.98°,90°,0°,6.91,8.743,-1.344,270.02,270,0
45,ParLight,Generic Dimmer,Generic Dimmer,1ch,0,0,-6.9m,8.74m,1.34m,-179.98°,90°,0°,-6.895,8.743,-1.344,270.02,270,0
97,ParLight,Generic Dimmer,Generic Dimmer,1ch,0,0,-5.44m,8.74m,1.34m,-179.98°,90°,0°,-5.436,8.743,-1.344,270.02,270,0
149,ParLight,Generic Dimmer,Generic Dimmer,1ch,0,0,-3.8m,8.74m,1.34m,-179.98°,90°,0°,-3.799,8.743,-1.344,270.02,270,0
201,ParLight,Generic Dimmer,Generic Dimmer,1ch,0,0,-2.36m,8.74m,1.34m,-179.98°,90°,0°,-2.355,8.743,-1.344,270.02,270,0
253,ParLight,Generic Dimmer,Generic Dimmer,1ch,0,0,-0.75m,8.74m,1.34m,-179.98°,90°,0°,-0.747,8.743,-1.344,270.02,270,0
305,ParLight,Generic Dimmer,Generic Dimmer,1ch,0,0,0.75m,8.74m,1.34m,-179.98°,90°,0°,0.75,8.743,-1.344,270.02,270,0
357,ParLight,Generic Dimmer,Generic Dimmer,1ch,0,0,2.34m,8.74m,1.34m,-179.98°,90°,0°,2.34,8.743,-1.344,270.02,270,0
409,ParLight,Generic Dimmer,Generic Dimmer,1ch,0,0,3.83m,8.74m,1.34m,-179.98°,90°,0°,3.831,8.743,-1.344,270.02,270,0
461,ParLight,Generic Dimmer,Generic Dimmer,1ch,0,0,5.43m,8.74m,1.34m,-179.98°,90°,0°,5.43,8.743,-1.344,270.02,270,0
513,ParLight,Generic Dimmer,Generic Dimmer,1ch,0,0,6.91m,8.74m,1.34m,-179.98°,90°,0°,6.91,8.743,-1.344,270.02,270,0
57,ParLight,Generic Dimmer,Generic Dimmer,1ch,0,0,-5.44m,8.74m,1.34m,-179.98°,90°,0°,-5.436,8.743,-1.344,270.02,270,0
58,ParLight,Generic Dimmer,Generic Dimmer,1ch,0,0,-5.44m,8.74m,1.34m,-179.98°,90°,0°,-5.436,8.743,-1.344,270.02,270,0
59,ParLight,Generic Dimmer,Generic Dimmer,1ch,0,0,-5.44m,8.74m,1.34m,-179.98°,90°,0°,-5.436,8.743,-1.344,270.02,270,0
60,ParLight,Generic Dimmer,Generic Dimmer,1ch,0,0,-5.44m,8.74m,1.34m,-179.98°,90°,0°,-5.436,8.743,-1.344,270.02,270,0
61,ParLight,Generic Dimmer,Generic Dimmer,1ch,0,0,-5.44m,8.74m,1.34m,-179.98°,90°,0°,-5.436,8.743,-1.344,270.02,270,0
62,ParLight,Generic Dimmer,Generic Dimmer,1ch,0,0,-5.44m,8.74m,1.34m,-179.98°,90°,0°,-5.436,8.743,-1.344,270.02,270,0
63,ParLight,Generic Dimmer,Generic Dimmer,1ch,0,0,-5.44m,8.74m,1.34m,-179.98°,90°,0°,-5.436,8.743,-1.344,270.02,270,0
64,ParLight,Generic Dimmer,Generic Dimmer,1ch,0,0,-5.44m,8.74m,1.34m,-179.98°,90°,0°,-5.436,8.743,-1.344,270.02,270,0
109,ParLight,Generic Dimmer,Generic Dimmer,1ch,0,0,-3.8m,8.74m,1.34m,-179.98°,90°,0°,-3.799,8.743,-1.344,270.02,270,0
110,ParLight,Generic Dimmer,Generic Dimmer,1ch,0,0,-3.8m,8.74m,1.34m,-179.98°,90°,0°,-3.799,8.743,-1.344,270.02,270,0
111,ParLight,Generic Dimmer,Generic Dimmer,1ch,0,0,-3.8m,8.74m,1.34m,-179.98°,90°,0°,-3.799,8.743,-1.344,270.02,270,0
112,ParLight,Generic Dimmer,Generic Dimmer,1ch,0,0,-3.8m,8.74m,1.34m,-179.98°,90°,0°,-3.799,8.743,-1.344,270.02,270,0
113,ParLight,Generic Dimmer,Generic Dimmer,1ch,0,0,-3.8m,8.74m,1.34m,-179.98°,90°,0°,-3.799,8.743,-1.344,270.02,270,0
114,ParLight,Generic Dimmer,Generic Dimmer,1ch,0,0,-3.8m,8.74m,1.34m,-179.98°,90°,0°,-3.799,8.743,-1.344,270.02,270,0
115,ParLight,Generic Dimmer,Generic Dimmer,1ch,0,0,-3.8m,8.74m,1.34m,-179.98°,90°,0°,-3.799,8.743,-1.344,270.02,270,0
116,ParLight,Generic Dimmer,Generic Dimmer,1ch,0,0,-3.8m,8.74m,1.34m,-179.98°,90°,0°,-3.799,8.743,-1.344,270.02,270,0
161,ParLight,Generic Dimmer,Generic Dimmer,1ch,0,0,-2.36m,8.74m,1.34m,-179.98°,90°,0°,-2.355,8.743,-1.344,270.02,270,0
162,ParLight,Generic Dimmer,Generic Dimmer,1ch,0,0,-2.36m,8.74m,1.34m,-179.98°,90°,0°,-2.355,8.743,-1.344,270.02,270,0
163,ParLight,Generic Dimmer,Generic Dimmer,1ch,0,0,-2.36m,8.74m,1.34m,-179.98°,90°,0°,-2.355,8.743,-1.344,270.02,270,0
164,ParLight,Generic Dimmer,Generic Dimmer,1ch,0,0,-2.36m,8.74m,1.34m,-179.98°,90°,0°,-2.355,8.743,-1.344,270.02,270,0
165,ParLight,Generic Dimmer,Generic Dimmer,1ch,0,0,-2.36m,8.74m,1.34m,-179.98°,90°,0°,-2.355,8.743,-1.344,270.02,270,0
166,ParLight,Generic Dimmer,Generic Dimmer,1ch,0,0,-2.36m,8.74m,1.34m,-179.98°,90°,0°,-2.355,8.743,-1.344,270.02,270,0
167,ParLight,Generic Dimmer,Generic Dimmer,1ch,0,0,-2.36m,8.74m,1.34m,-179.98°,90°,0°,-2.355,8.743,-1.344,270.02,270,0
168,ParLight,Generic Dimmer,Generic Dimmer,1ch,0,0,-2.36m,8.74m,1.34m,-179.98°,90°,0°,-2.355,8.743,-1.344,270.02,270,0
213,ParLight,Generic Dimmer,Generic Dimmer,1ch,0,0,-0.75m,8.74m,1.34m,-179.98°,90°,0°,-0.747,8.743,-1.344,270.02,270,0
214,ParLight,Generic Dimmer,Generic Dimmer,1ch,0,0,-0.75m,8.74m,1.34m,-179.98°,90°,0°,-0.747,8.743,-1.344,270.02,270,0
215,ParLight,Generic Dimmer,Generic Dimmer,1ch,0,0,-0.75m,8.74m,1.34m,-179.98°,90°,0°,-0.747,8.743,-1.344,270.02,270,0
216,ParLight,Generic Dimmer,Generic Dimmer,1ch,0,0,-0.75m,8.74m,1.34m,-179.98°,90°,0°,-0.747,8.743,-1.344,270.02,270,0
217,ParLight,Generic Dimmer,Generic Dimmer,1ch,0,0,-0.75m,8.74m,1.34m,-179.98°,90°,0°,-0.747,8.743,-1.344,270.02,270,0
218,ParLight,Generic Dimmer,Generic Dimmer,1ch,0,0,-0.75m,8.74m,1.34m,-179.98°,90°,0°,-0.747,8.743,-1.344,270.02,270,0
219,ParLight,Generic Dimmer,Generic Dimmer,1ch,0,0,-0.75m,8.74m,1.34m,-179.98°,90°,0°,-0.747,8.743,-1.344,270.02,270,0
220,ParLight,Generic Dimmer,Generic Dimmer,1ch,0,0,-0.75m,8.74m,1.34m,-179.98°,90°,0°,-0.747,8.743,-1.344,270.02,270,0
265,ParLight,Generic Dimmer,Generic Dimmer,1ch,0,0,0.75m,8.74m,1.34m,-179.98°,90°,0°,0.75,8.743,-1.344,270.02,270,0
266,ParLight,Generic Dimmer,Generic Dimmer,1ch,0,0,0.75m,8.74m,1.34m,-179.98°,90°,0°,0.75,8.743,-1.344,270.02,270,0
267,ParLight,Generic Dimmer,Generic Dimmer,1ch,0,0,0.75m,8.74m,1.34m,-179.98°,90°,0°,0.75,8.743,-1.344,270.02,270,0
268,ParLight,Generic Dimmer,Generic Dimmer,1ch,0,0,0.75m,8.74m,1.34m,-179.98°,90°,0°,0.75,8.743,-1.344,270.02,270,0
269,ParLight,Generic Dimmer,Generic Dimmer,1ch,0,0,0.75m,8.74m,1.34m,-179.98°,90°,0°,0.75,8.743,-1.344,270.02,270,0
270,ParLight,Generic Dimmer,Generic Dimmer,1ch,0,0,0.75m,8.74m,1.34m,-179.98°,90°,0°,0.75,8.743,-1.344,270.02,270,0
271,ParLight,Generic Dimmer,Generic Dimmer,1ch,0,0,0.75m,8.74m,1.34m,-179.98°,90°,0°,0.75,8.743,-1.344,270.02,270,0
272,ParLight,Generic Dimmer,Generic Dimmer,1ch,0,0,0.75m,8.74m,1.34m,-179.98°,90°,0°,0.75,8.743,-1.344,270.02,270,0
3,ParLight,Generic Dimmer,Generic Dimmer,1ch,0,0,-6.9m,8.74m,1.34m,-179.98°,90°,0°,-6.895,8.743,-1.344,270.02,270,0
55,ParLight,Generic Dimmer,Generic Dimmer,1ch,0,0,-5.44m,8.74m,1.34m,-179.98°,90°,0°,-5.436,8.743,-1.344,270.02,270,0
107,ParLight,Generic Dimmer,Generic Dimmer,1ch,0,0,-3.8m,8.74m,1.34m,-179.98°,90°,0°,-3.799,8.743,-1.344,270.02,270,0
159,ParLight,Generic Dimmer,Generic Dimmer,1ch,0,0,-2.36m,8.74m,1.34m,-179.98°,90°,0°,-2.355,8.743,-1.344,270.02,270,0
211,ParLight,Generic Dimmer,Generic Dimmer,1ch,0,0,-0.75m,8.74m,1.34m,-179.98°,90°,0°,-0.747,8.743,-1.344,270.02,270,0
263,ParLight,Generic Dimmer,Generic Dimmer,1ch,0,0,0.75m,8.74m,1.34m,-179.98°,90°,0°,0.75,8.743,-1.344,270.02,270,0
315,ParLight,Generic Dimmer,Generic Dimmer,1ch,0,0,2.34m,8.74m,1.34m,-179.98°,90°,0°,2.34,8.743,-1.344,270.02,270,0
367,ParLight,Generic Dimmer,Generic Dimmer,1ch,0,0,3.83m,8.74m,1.34m,-179.98°,90°,0°,3.831,8.743,-1.344,270.02,270,0
419,ParLight,Generic Dimmer,Generic Dimmer,1ch,0,0,5.43m,8.74m,1.34m,-179.98°,90°,0°,5.43,8.743,-1.344,270.02,270,0
471,ParLight,Generic Dimmer,Generic Dimmer,1ch,0,0,6.91m,8.74m,1.34m,-179.98°,90°,0°,6.91,8.743,-1.344,270.02,270,0
317,ParLight,Generic Dimmer,Generic Dimmer,1ch,0,0,2.34m,8.74m,1.34m,-179.98°,90°,0°,2.34,8.743,-1.344,270.02,270,0
318,ParLight,Generic Dimmer,Generic Dimmer,1ch,0,0,2.34m,8.74m,1.34m,-179.98°,90°,0°,2.34,8.743,-1.344,270.02,270,0
319,ParLight,Generic Dimmer,Generic Dimmer,1ch,0,0,2.34m,8.74m,1.34m,-179.98°,90°,0°,2.34,8.743,-1.344,270.02,270,0
320,ParLight,Generic Dimmer,Generic Dimmer,1ch,0,0,2.34m,8.74m,1.34m,-179.98°,90°,0°,2.34,8.743,-1.344,270.02,270,0
321,ParLight,Generic Dimmer,Generic Dimmer,1ch,0,0,2.34m,8.74m,1.34m,-179.98°,90°,0°,2.34,8.743,-1.344,270.02,270,0
322,ParLight,Generic Dimmer,Generic Dimmer,1ch,0,0,2.34m,8.74m,1.34m,-179.98°,90°,0°,2.34,8.743,-1.344,270.02,270,0
323,ParLight,Generic Dimmer,Generic Dimmer,1ch,0,0,2.34m,8.74m,1.34m,-179.98°,90°,0°,2.34,8.743,-1.344,270.02,270,0
324,ParLight,Generic Dimmer,Generic Dimmer,1ch,0,0,2.34m,8.74m,1.34m,-179.98°,90°,0°,2.34,8.743,-1.344,270.02,270,0
369,ParLight,Generic Dimmer,Generic Dimmer,1ch,0,0,3.83m,8.74m,1.34m,-179.98°,90°,0°,3.831,8.743,-1.344,270.02,270,0
370,ParLight,Generic Dimmer,Generic Dimmer,1ch,0,0,3.83m,8.74m,1.34m,-179.98°,90°,0°,3.831,8.743,-1.344,270.02,270,0
371,ParLight,Generic Dimmer,Generic Dimmer,1ch,0,0,3.83m,8.74m,1.34m,-179.98°,90°,0°,3.831,8.743,-1.344,270.02,270,0
372,ParLight,Generic Dimmer,Generic Dimmer,1ch,0,0,3.83m,8.74m,1.34m,-179.98°,90°,0°,3.831,8.743,-1.344,270.02,270,0
373,ParLight,Generic Dimmer,Generic Dimmer,1ch,0,0,3.83m,8.74m,1.34m,-179.98°,90°,0°,3.831,8.743,-1.344,270.02,270,0
374,ParLight,Generic Dimmer,Generic Dimmer,1ch,0,0,3.83m,8.74m,1.34m,-179.98°,90°,0°,3.831,8.743,-1.344,270.02,270,0
375,ParLight,Generic Dimmer,Generic Dimmer,1ch,0,0,3.83m,8.74m,1.34m,-179.98°,90°,0°,3.831,8.743,-1.344,270.02,270,0
376,ParLight,Generic Dimmer,Generic Dimmer,1ch,0,0,3.83m,8.74m,1.34m,-179.98°,90°,0°,3.831,8.743,-1.344,270.02,270,0
421,ParLight,Generic Dimmer,Generic Dimmer,1ch,0,0,5.43m,8.74m,1.34m,-179.98°,90°,0°,5.43,8.743,-1.344,270.02,270,0
422,ParLight,Generic Dimmer,Generic Dimmer,1ch,0,0,5.43m,8.74m,1.34m,-179.98°,90°,0°,5.43,8.743,-1.344,270.02,270,0
423,ParLight,Generic Dimmer,Generic Dimmer,1ch,0,0,5.43m,8.74m,1.34m,-179.98°,90°,0°,5.43,8.743,-1.344,270.02,270,0
424,ParLight,Generic Dimmer,Generic Dimmer,1ch,0,0,5.43m,8.74m,1.34m,-179.98°,90°,0°,5.43,8.743,-1.344,270.02,270,0
425,ParLight,Generic Dimmer,Generic Dimmer,1ch,0,0,5.43m,8.74m,1.34m,-179.98°,90°,0°,5.43,8.743,-1.344,270.02,270,0
426,ParLight,Generic Dimmer,Generic Dimmer,1ch,0,0,5.43m,8.74m,1.34m,-179.98°,90°,0°,5.43,8.743,-1.344,270.02,270,0
427,ParLight,Generic Dimmer,Generic Dimmer,1ch,0,0,5.43m,8.74m,1.34m,-179.98°,90°,0°,5.43,8.743,-1.344,270.02,270,0
428,ParLight,Generic Dimmer,Generic Dimmer,1ch,0,0,5.43m,8.74m,1.34m,-179.98°,90°,0°,5.43,8.743,-1.344,270.02,270,0
473,ParLight,Generic Dimmer,Generic Dimmer,1ch,0,0,6.91m,8.74m,1.34m,-179.98°,90°,0°,6.91,8.743,-1.344,270.02,270,0
474,ParLight,Generic Dimmer,Generic Dimmer,1ch,0,0,6.91m,8.74m,1.34m,-179.98°,90°,0°,6.91,8.743,-1.344,270.02,270,0
475,ParLight,Generic Dimmer,Generic Dimmer,1ch,0,0,6.91m,8.74m,1.34m,-179.98°,90°,0°,6.91,8.743,-1.344,270.02,270,0
476,ParLight,Generic Dimmer,Generic Dimmer,1ch,0,0,6.91m,8.74m,1.34m,-179.98°,90°,0°,6.91,8.743,-1.344,270.02,270,0
477,ParLight,Generic Dimmer,Generic Dimmer,1ch,0,0,6.91m,8.74m,1.34m,-179.98°,90°,0°,6.91,8.743,-1.344,270.02,270,0
478,ParLight,Generic Dimmer,Generic Dimmer,1ch,0,0,6.91m,8.74m,1.34m,-179.98°,90°,0°,6.91,8.743,-1.344,270.02,270,0
479,ParLight,Generic Dimmer,Generic Dimmer,1ch,0,0,6.91m,8.74m,1.34m,-179.98°,90°,0°,6.91,8.743,-1.344,270.02,270,0
480,ParLight,Generic Dimmer,Generic Dimmer,1ch,0,0,6.91m,8.74m,1.34m,-179.98°,90°,0°,6.91,8.743,-1.344,270.02,270,0
4,ParLight,Generic Dimmer,Generic Dimmer,1ch,0,0,-6.9m,8.74m,1.34m,-179.98°,90°,0°,-6.895,8.743,-1.344,270.02,270,0
56,ParLight,Generic Dimmer,Generic Dimmer,1ch,0,0,-5.44m,8.74m,1.34m,-179.98°,90°,0°,-5.436,8.743,-1.344,270.02,270,0
108,ParLight,Generic Dimmer,Generic Dimmer,1ch,0,0,-3.8m,8.74m,1.34m,-179.98°,90°,0°,-3.799,8.743,-1.344,270.02,270,0
160,ParLight,Generic Dimmer,Generic Dimmer,1ch,0,0,-2.36m,8.74m,1.34m,-179.98°,90°,0°,-2.355,8.743,-1.344,270.02,270,0
212,ParLight,Generic Dimmer,Generic Dimmer,1ch,0,0,-0.75m,8.74m,1.34m,-179.98°,90°,0°,-0.747,8.743,-1.344,270.02,270,0
264,ParLight,Generic Dimmer,Generic Dimmer,1ch,0,0,0.75m,8.74m,1.34m,-179.98°,90°,0°,0.75,8.743,-1.344,270.02,270,0
316,ParLight,Generic Dimmer,Generic Dimmer,1ch,0,0,2.34m,8.74m,1.34m,-179.98°,90°,0°,2.34,8.743,-1.344,270.02,270,0
368,ParLight,Generic Dimmer,Generic Dimmer,1ch,0,0,3.83m,8.74m,1.34m,-179.98°,90°,0°,3.831,8.743,-1.344,270.02,270,0
420,ParLight,Generic Dimmer,Generic Dimmer,1ch,0,0,5.43m,8.74m,1.34m,-179.98°,90°,0°,5.43,8.743,-1.344,270.02,270,0
472,ParLight,Generic Dimmer,Generic Dimmer,1ch,0,0,6.91m,8.74m,1.34m,-179.98°,90°,0°,6.91,8.743,-1.344,270.02,270,0
